title,company,location,semantic_similarity,first_seen_date,url
"Manager III, Corporate Infrastructure and Edge Systems, Shopbop and Zappos ",amazon,"US, WI, Madison",0.6044,2026-07-15,https://www.amazon.jobs/en/jobs/10474609/manager-iii-corporate-infrastructure-and-edge-systems-shopbop-and-zappos
Customer Experience Specialist,amazon,"US, CA, San Francisco",0.5818,2026-07-15,https://www.amazon.jobs/en/jobs/10474691/customer-experience-specialist
"Data Center Technician, CLT DCO",amazon,"US, NC, Hamlet",0.5407,2026-07-15,https://www.amazon.jobs/en/jobs/10475095/data-center-technician-clt-dco
"Data Center Technician, CLT DCO",amazon,"US, NC, Hamlet",0.5196,2026-07-15,https://www.amazon.jobs/en/jobs/10475057/data-center-technician-clt-dco
"Data Center Technician, CLT DCO",amazon,"US, NC, Hamlet",0.5193,2026-07-15,https://www.amazon.jobs/en/jobs/10474599/data-center-technician-clt-dco
"Applied Scientist II, Personalization",amazon_science,"US, WA, Seattle",0.5188,2026-07-15,https://www.amazon.jobs/jobs/10474556/applied-scientist-ii-personalization?cmpid=bsp-amazon-science
"Engineering Operations Technician, DCC Communities ",amazon,"US, NC, Hamlet",0.5146,2026-07-15,https://www.amazon.jobs/en/jobs/10475102/engineering-operations-technician-dcc-communities
Senior Systems Software Engineer – GPU Software,nvidia,"US, CA, Santa Clara",0.5127,2026-07-15,https://nvidia.wd5.myworkdayjobs.com/NVIDIAExternalCareerSite/job/US-CA-Santa-Clara/Senior-Systems-Software-Engineer---GPU-Software_JR2020271
"Sr. Manager, Product Marketing, Prime Video Ads",amazon,"US, CA, Culver City",0.5126,2026-07-15,https://www.amazon.jobs/en/jobs/10474983/sr-manager-product-marketing-prime-video-ads
"Applied Scientist, Ads Measurement Science",amazon_science,"US, NY, New York",0.508,2026-07-15,https://www.amazon.jobs/jobs/10473791/applied-scientist-ads-measurement-science?cmpid=bsp-amazon-science
"Data Center Architect, CSA",anthropic,Remote-Friendly US (Travel Required),0.5064,2026-07-15,https://job-boards.greenhouse.io/anthropic/jobs/5339199008
"Applied Scientist, AWS Science of Security",amazon_science,"US, WA, Seattle",0.4933,2026-07-15,https://www.amazon.jobs/jobs/10474765/applied-scientist-aws-science-of-security?cmpid=bsp-amazon-science
"Applied Scientist, AWS Science of Security",amazon,"US, WA, Seattle",0.4818,2026-07-15,https://www.amazon.jobs/en/jobs/10474765/applied-scientist-aws-science-of-security
Data Center Engineering Operations Technician IV,amazon,"US, VA, Sterling",0.4805,2026-07-15,https://www.amazon.jobs/en/jobs/10475038/data-center-engineering-operations-technician-iv
"Software Development Engineer, Amazon Brand Store",amazon,"US, WA, Seattle",0.4802,2026-07-15,https://www.amazon.jobs/en/jobs/10474672/software-development-engineer-amazon-brand-store
Senior Partner Marketing Manager - ISV,nvidia,"US, CA, Santa Clara",0.471,2026-07-15,https://nvidia.wd5.myworkdayjobs.com/NVIDIAExternalCareerSite/job/US-CA-Santa-Clara/Senior-Partner-Marketing-Manager---ISV_JR2013805-1
"Senior Applied Scientist, AWS Science of Security",amazon_science,"US, WA, Seattle",0.4643,2026-07-15,https://www.amazon.jobs/jobs/10474749/senior-applied-scientist-aws-science-of-security?cmpid=bsp-amazon-science
Data Center Portfolio Manager,nvidia,"US, CA, Santa Clara",0.4604,2026-07-15,https://nvidia.wd5.myworkdayjobs.com/NVIDIAExternalCareerSite/job/US-CA-Santa-Clara/Data-Center-Portfolio-Manager_JR2017416
Senior Systems Software Engineer – GPU Software,nvidia,"US, CA, Santa Clara",0.4537,2026-07-15,https://nvidia.wd5.myworkdayjobs.com/NVIDIAExternalCareerSite/job/US-CA-Santa-Clara/Senior-Systems-Software-Engineer---GPU-Software_JR2021234
"Senior Applied Scientist, AWS Science of Security",amazon,"US, WA, Seattle",0.4481,2026-07-15,https://www.amazon.jobs/en/jobs/10474749/senior-applied-scientist-aws-science-of-security
Social Insights & Research Lead (12 Month Fixed Term Contract),canva,"San Francisco, CA, United States",0.4363,2026-07-15,https://jobs.smartrecruiters.com/Canva/6000000001233276-social-insights-research-lead-12-month-fixed-term-contract-
"Principal Applied Scientist, Personalization",amazon_science,"US, WA, Seattle",0.4339,2026-07-15,https://www.amazon.jobs/jobs/10474602/principal-applied-scientist-personalization?cmpid=bsp-amazon-science
Multidisciplinary Manager,microsoft,"United States, Multiple Locations, Multiple Locations",0.433,2026-07-15,https://apply.careers.microsoft.com/careers/job/1970393556930754
Contracts Manager,amazon,"US, CA, San Francisco",0.4285,2026-07-15,https://www.amazon.jobs/en/jobs/10474690/contracts-manager
"Senior Software Engineer, CUDA Core Libraries",nvidia,"US, CA, Santa Clara; US, Remote",0.4237,2026-07-15,https://nvidia.wd5.myworkdayjobs.com/NVIDIAExternalCareerSite/job/US-CA-Santa-Clara/Senior-Software-Engineer--CUDA-Core-Libraries_JR2021172
"Applied Scientist, Sponsored Products and Brands",amazon_science,"US, WA, Seattle",0.4147,2026-07-15,https://www.amazon.jobs/jobs/10474800/applied-scientist-sponsored-products-and-brands?cmpid=bsp-amazon-science
"General Manager, Partner Development",microsoft,"United States, Multiple Locations, Multiple Locations",0.4147,2026-07-15,https://apply.careers.microsoft.com/careers/job/1970393556930809
Senior Technical Marketing Engineer - GPU and System Architecture,nvidia,"US, CA, Santa Clara; US, CA, Remote",0.4093,2026-07-15,https://nvidia.wd5.myworkdayjobs.com/NVIDIAExternalCareerSite/job/US-CA-Santa-Clara/Senior-Technical-Marketing-Engineer---GPU-and-System-Architecture_JR2005388
ML Agent Engineer,apple,Various Locations within San Francisco Bay Area,0.4015,2026-07-15,https://jobs.apple.com/en-us/details/200672464-3401/ml-agent-engineer?team=MLAI
"Engineering Manager, Workflow Orchestration",airbnb,"San Francisco, CA",0.3953,2026-07-15,https://careers.airbnb.com/positions/8025475/
"Technical Recruiter, Security ",anthropic,"San Francisco, CA",0.3862,2026-07-15,https://job-boards.greenhouse.io/anthropic/jobs/5350448008
"Performance Marketing Lead, North America (12 Month Fixed Term Contract)",canva,"San Francisco, , United States",0.3861,2026-07-15,https://jobs.smartrecruiters.com/Canva/6000000001233281-performance-marketing-lead-north-america-12-month-fixed-term-contract-
Senior Critical Environment Battery Monitoring System Engineer,microsoft,"United States, Multiple Locations, Multiple Locations",0.3811,2026-07-15,https://apply.careers.microsoft.com/careers/job/1970393556927707
"Administrative Assistant, UCAN Series Marketing",netflix,"Los Angeles,California,United States of America",0.3805,2026-07-15,https://explore.jobs.netflix.net/careers/job/790317129139
Head of Payroll - Americas & EMEA,canva,"San Francisco, , United States",0.3687,2026-07-15,https://jobs.smartrecruiters.com/Canva/6000000001233020-head-of-payroll-americas-emea
Senior Technical Marketing Engineer - Data Center Scale Out,nvidia,"US, CA, Santa Clara; US, CA, Remote",0.3614,2026-07-15,https://nvidia.wd5.myworkdayjobs.com/NVIDIAExternalCareerSite/job/US-CA-Santa-Clara/Senior-Technical-Marketing-Engineer---Data-Center-Scale-Out_JR2005390
"Senior Manager, Indirect Tax",canva,"San Francisco, CA, United States",0.356,2026-07-15,https://jobs.smartrecruiters.com/Canva/6000000001233048-senior-manager-indirect-tax
"Accounting Manager – Robotics & Fulfillment Technologies, Amazon Stores Accounting",amazon,"US, WA, Seattle",0.3513,2026-07-15,https://www.amazon.jobs/en/jobs/10474604/accounting-manager-robotics-fulfillment-technologies-amazon-stores-accounting
"Manager, Financial Planning & Analysis – Payments & Customer Service",spotify,"New York, NY; London",0.3496,2026-07-15,https://jobs.lever.co/spotify/1d7db6ea-59dd-4ebb-86c5-f0f12ee2db92
"Senior Systems Software Engineer, Observability and Telemetry Platform",nvidia,"US, CA, Santa Clara; US, Remote",0.3481,2026-07-15,https://nvidia.wd5.myworkdayjobs.com/NVIDIAExternalCareerSite/job/US-CA-Santa-Clara/Senior-Systems-Software-Engineer--Observability-and-Telemetry-Platform_JR2021354-1
Machine Learning Digital Design Engineer,meta,"Sunnyvale, CA",0.3422,2026-07-15,https://www.metacareers.com/profile/job_details/4406208926373444
Technical Solutions Consultant,meta,"New York, NY +1 locations",0.3397,2026-07-15,https://www.metacareers.com/profile/job_details/1007286168590518
"Applied Agentic AI Lead, Partner Co-Design",nvidia,"US, CA, Santa Clara; US, Remote",0.3364,2026-07-15,https://nvidia.wd5.myworkdayjobs.com/NVIDIAExternalCareerSite/job/US-CA-Santa-Clara/Applied-Agentic-AI-Lead--Partner-Co-Design_JR2021355
"Software Engineer, Accelerator Solutions & Technologies (PhD)",meta,"New York, NY",0.3305,2026-07-15,https://www.metacareers.com/profile/job_details/2166155787562011
Strategic Partner Manager,amazon,"US, CA, Culver City",0.3227,2026-07-15,https://www.amazon.jobs/en/jobs/10474688/strategic-partner-manager
Core Services Media API Engineering Manager - Platforms Team,apple,,0.2942,2026-07-15,https://jobs.apple.com/en-us/details/200672429-0836/core-services-media-api-engineering-manager-platforms-team?team=SFTWR
"Platform Integration Engineer, Silicon Validation Firmware",meta,"Taipei, Taiwan",0.2865,2026-07-15,https://www.metacareers.com/profile/job_details/1043942831834563
Senior Business Analyst (Accounts Payable),netflix,"Amsterdam,Netherlands",0.2839,2026-07-15,https://explore.jobs.netflix.net/careers/job/790317053650
SW Dev Engineer - ASE - Back-End,apple,,0.2796,2026-07-15,https://jobs.apple.com/en-us/details/200668099-0836/sw-dev-engineer-ase-back-end?team=SFTWR
"Senior Strategy & Investment Manager, Global Marketing",uber,"New York, New York, United States; San Francisco, San Francisco, United States",0.2662,2026-07-15,https://www.uber.com/global/en/careers/list/301385/
EMEA Marketing Planning Manager - Import,netflix,"Amsterdam,Netherlands",0.2622,2026-07-15,https://explore.jobs.netflix.net/careers/job/790317001564
"Principal Program Manager, Infrastructure Development",meta,"Menlo Park, CA +2 locations",0.2557,2026-07-15,https://www.metacareers.com/profile/job_details/914969581608821
Full Stack Engineering 4 - Ads Measurement,netflix,"New York,New York,United States of America; Los Angeles,California,United States of America; Los Gatos,California,United States of America",0.2555,2026-07-15,https://explore.jobs.netflix.net/careers/job/790316828740
Digital Hardware Engineer,apple,,0.2491,2026-07-15,https://jobs.apple.com/en-us/details/200672488-3956/digital-hardware-engineer?team=HRDWR
Ads Policy Strategist,netflix,"London,United Kingdom",0.2456,2026-07-15,https://explore.jobs.netflix.net/careers/job/790317114067
"Account Manager, Mid-Market, Greater China Region",meta,Hong Kong,0.2376,2026-07-15,https://www.metacareers.com/profile/job_details/1332207265161972
"Safeguards Enforcement Analyst, Violence & Extremism",anthropic,"San Francisco, CA",0.2315,2026-07-15,https://job-boards.greenhouse.io/anthropic/jobs/5343907008
Account Manager - Grocery & Retail SMB,uber,"San Francisco, San Francisco, United States",0.2292,2026-07-15,https://www.uber.com/global/en/careers/list/301793/
iPhone Product Design Engineering Program Manager (PD EPM),apple,,0.2229,2026-07-15,https://jobs.apple.com/en-us/details/200657056-0836/iphone-product-design-engineering-program-manager-pd-epm?team=HRDWR
Gerente de Desarrollo de Negocio Regional - Fintech,mercadolibre,"Capital Federal,Argentina",0.2134,2026-07-15,https://mercadolibre.eightfold.ai/careers/job/43144416
Warehouse Operations Manager,meta,"Remote, US",0.2131,2026-07-15,https://www.metacareers.com/profile/job_details/2358713911326793
Manufacturing Technical Manager,meta,"Shanghai, China",0.2122,2026-07-15,https://www.metacareers.com/profile/job_details/1757397551939656
"Wireless Bluetooth QA Engineer, Wireless Technologies & Ecosystems",apple,,0.2076,2026-07-15,https://jobs.apple.com/en-us/details/200669521-0836/wireless-bluetooth-qa-engineer-wireless-technologies-ecosystems?team=SFTWR
"Account Partner, Grocery & Retail SMB",uber,"San Francisco, San Francisco, United States",0.2066,2026-07-15,https://www.uber.com/global/en/careers/list/301791/
US-Technical Expert,apple,,0.2053,2026-07-15,https://jobs.apple.com/en-us/details/200672440-2926/us-technical-expert?team=APPST
"Creative Strategist, NA team",meta,"New York, NY",0.2009,2026-07-15,https://www.metacareers.com/profile/job_details/1375332897847012
Creative Expert - 3D/VFX,apple,,0.1951,2026-07-15,https://jobs.apple.com/en-us/details/200672503-0670/creative-expert-3d-vfx?team=HRDWR
"Energy Manager, Power Delivery",meta,"Menlo Park, CA +1 locations",0.192,2026-07-15,https://www.metacareers.com/profile/job_details/2076978919865691
Líder de Equipe Logística Sênior - Mercado Envios,mercadolibre,"Sudeste,Brazil",0.1873,2026-07-15,https://mercadolibre.eightfold.ai/careers/job/43134830
Líder de Equipe Logística Sênior - Mercado Envios,mercadolibre,"Sudeste,Brazil",0.1873,2026-07-15,https://mercadolibre.eightfold.ai/careers/job/42826896
US-Genius Admin,apple,,0.1872,2026-07-15,https://jobs.apple.com/en-us/details/200672495-2158/us-genius-admin?team=APPST
Executive Escalations Senior Associate,airbnb,"Gurugram, India",0.1831,2026-07-15,https://careers.airbnb.com/positions/7956004/
Analista Sênior de Pricing & Rentabilidade  - Mercado Pago,mercadolibre,"Sudeste,Brazil",0.1815,2026-07-15,https://mercadolibre.eightfold.ai/careers/job/43156478
"Account Manager, Nordics",meta,"Dublin, Ireland",0.1802,2026-07-15,https://www.metacareers.com/profile/job_details/795618666909958
Analista Pleno de Planejamento Logístico - Mercado Envios,mercadolibre,"Sul,Brazil; Governador Celso Ramos, SC, BR",0.1777,2026-07-15,https://mercadolibre.eightfold.ai/careers/job/43117424
iOS API Developer,apple,,0.1761,2026-07-15,https://jobs.apple.com/en-us/details/200672219-0157/ios-api-developer?team=SFTWR
Retail & E-commerce Manager (EMEA),netflix,"London,United Kingdom",0.1758,2026-07-15,https://explore.jobs.netflix.net/careers/job/790317115249
Firmware Engineer,apple,,0.1718,2026-07-15,https://jobs.apple.com/en-us/details/200671374-0836/firmware-engineer?team=HRDWR
Product Manager - Enterprise Solutions,meta,Singapore,0.1506,2026-07-15,https://www.metacareers.com/profile/job_details/1028115569807071
Analista de Transportes - Mercado Envios,mercadolibre,"Sudeste,Brazil",0.1413,2026-07-15,https://mercadolibre.eightfold.ai/careers/job/40831433
Supervisión de Transporte - Mercado Envíos,mercadolibre,"Bogotá,Colombia",0.1392,2026-07-15,https://mercadolibre.eightfold.ai/careers/job/43051894
Analista Pleno Prevenção de Perdas - Mercado Envios,mercadolibre,"Sudeste,Brazil",0.1378,2026-07-15,https://mercadolibre.eightfold.ai/careers/job/43011916
SoC DRAM Memory Subsystem Validation Engineering Program Manager,apple,,0.1361,2026-07-15,https://jobs.apple.com/en-us/details/200672472-0157/soc-dram-memory-subsystem-validation-engineering-program-manager?team=HRDWR
"Gestionnaire de bureau, Montréal",airbnb,"Montreal, Canada",0.0997,2026-07-15,https://careers.airbnb.com/positions/8038315/
"Public Policy Manager, Korea",meta,"Seoul, South Korea",0.0897,2026-07-15,https://www.metacareers.com/profile/job_details/1950910228898772
"Principal AI Scientist, Telco Tech, AWS Industries",amazon,"US, TX, Dallas",0.6193,2026-07-14,https://www.amazon.jobs/en/jobs/10473304/principal-ai-scientist-telco-tech-aws-industries
"Applied Scientist II, Machine Learning Accelerator - Annapurna Labs",amazon,"US, TX, Austin",0.6092,2026-07-14,https://www.amazon.jobs/en/jobs/10473260/applied-scientist-ii-machine-learning-accelerator-annapurna-labs
"Senior Data Engineer, AWS GameTech Cortex",amazon,"US, CA, San Diego",0.5993,2026-07-14,https://www.amazon.jobs/en/jobs/10474555/senior-data-engineer-aws-gametech-cortex
"Associate Delivery Consultant – AIML, A2C ProServe Shared Delivery (SDT)",amazon,"US, VA, Arlington",0.578,2026-07-14,https://www.amazon.jobs/en/jobs/10473725/associate-delivery-consultant-aiml-a2c-proserve-shared-delivery-sdt
"Associate Delivery Consultant – AIML, A2C ProServe Shared Delivery (SDT)",amazon,"US, VA, Arlington",0.5656,2026-07-14,https://www.amazon.jobs/en/jobs/10473722/associate-delivery-consultant-aiml-a2c-proserve-shared-delivery-sdt
"Data Center Logistics Specialist, DCC Communities",amazon,"US, IN, New Carlisle",0.5654,2026-07-14,https://www.amazon.jobs/en/jobs/10473348/data-center-logistics-specialist-dcc-communities
Data Center Technician,amazon,"US, AZ, Avondale",0.5535,2026-07-14,https://www.amazon.jobs/en/jobs/10474318/data-center-technician
Data Center Technician,amazon,"US, AZ, Mesa",0.5531,2026-07-14,https://www.amazon.jobs/en/jobs/10474331/data-center-technician
Data Center Technician,amazon,"US, AZ, Mesa",0.5531,2026-07-14,https://www.amazon.jobs/en/jobs/10474332/data-center-technician
Data Center Technician,amazon,"US, AZ, Mesa",0.5531,2026-07-14,https://www.amazon.jobs/en/jobs/10474320/data-center-technician
Data Center Technician,amazon,"US, AZ, Mesa",0.5531,2026-07-14,https://www.amazon.jobs/en/jobs/10474351/data-center-technician
Data Center Technician,amazon,"US, AZ, Mesa",0.5531,2026-07-14,https://www.amazon.jobs/en/jobs/10474317/data-center-technician
" Materials Manager, Power & Cooling (PAC)",amazon,"US, WA, Seattle",0.5517,2026-07-14,https://www.amazon.jobs/en/jobs/10474144/materials-manager-power-cooling-pac
"Sr. Delivery Practice Manager, HCLS, AWS Professional Services, Healthcare & Life Sciences",amazon,"US, VA, Arlington",0.5481,2026-07-14,https://www.amazon.jobs/en/jobs/10473673/sr-delivery-practice-manager-hcls-aws-professional-services-healthcare-life-sciences
"Sr. Delivery Practice Manager, HCLS, AWS Professional Services, Healthcare & Life Sciences",amazon,"US, VA, Arlington",0.5481,2026-07-14,https://www.amazon.jobs/en/jobs/10473672/sr-delivery-practice-manager-hcls-aws-professional-services-healthcare-life-sciences
"Engineering Operations Technician - Night Shift, DCC Communities",amazon,"US, IN, New Carlisle",0.5378,2026-07-14,https://www.amazon.jobs/en/jobs/10473315/engineering-operations-technician-night-shift-dcc-communities
Data Center Technician,amazon,"US, AZ, Glendale",0.5373,2026-07-14,https://www.amazon.jobs/en/jobs/10474329/data-center-technician
Data Center Facilities Manager,amazon,"US, NV, Sparks",0.5372,2026-07-14,https://www.amazon.jobs/en/jobs/10474356/data-center-facilities-manager
Data Center Facilities Manager,amazon,"US, NV, Sparks",0.5372,2026-07-14,https://www.amazon.jobs/en/jobs/10474357/data-center-facilities-manager
Data Center Facilities Manager,amazon,"US, NV, Sparks",0.5372,2026-07-14,https://www.amazon.jobs/en/jobs/10474361/data-center-facilities-manager
Data Center Facilities Manager,amazon,"US, NV, Sparks",0.5372,2026-07-14,https://www.amazon.jobs/en/jobs/10474373/data-center-facilities-manager
"Economist, People Experience and Technology Central Science",amazon_science,"US, WA, Seattle",0.5351,2026-07-14,https://www.amazon.jobs/jobs/10472998/economist-people-experience-and-technology-central-science?cmpid=bsp-amazon-science
Global Supply Manager,amazon,"US, WA, Seattle",0.533,2026-07-14,https://www.amazon.jobs/en/jobs/10473836/global-supply-manager
"Data Center Technician, DCC Communities ",amazon,"US, GA, Covington",0.5262,2026-07-14,https://www.amazon.jobs/en/jobs/10473824/data-center-technician-dcc-communities
"Data Center Technician, DCC Communities ",amazon,"US, GA, Covington",0.5262,2026-07-14,https://www.amazon.jobs/en/jobs/10473832/data-center-technician-dcc-communities
"Data Center Technician, DCC Communities ",amazon,"US, GA, Covington",0.5262,2026-07-14,https://www.amazon.jobs/en/jobs/10473821/data-center-technician-dcc-communities
"UAT Automation Analyst, Amazon Web Services",amazon,"US, TX, Dallas",0.5231,2026-07-14,https://www.amazon.jobs/en/jobs/10473339/uat-automation-analyst-amazon-web-services
"Sr. Engagement Manager, WWPS FedCiv",amazon,"US, VA, Arlington",0.5207,2026-07-14,https://www.amazon.jobs/en/jobs/10474374/sr-engagement-manager-wwps-fedciv
Engineering Operation Technician Night Role,amazon,"US, TX, Lubbock",0.5177,2026-07-14,https://www.amazon.jobs/en/jobs/10473444/engineering-operation-technician-night-role
"Security GTM Partner Development Manager, AWS Security Partnerships",amazon,"US, CA, Santa Monica",0.5171,2026-07-14,https://www.amazon.jobs/en/jobs/10473760/security-gtm-partner-development-manager-aws-security-partnerships
"Systems Development Engineer, AWS Generative AI & ML Servers",amazon,"US, WA, Seattle",0.5169,2026-07-14,https://www.amazon.jobs/en/jobs/10474151/systems-development-engineer-aws-generative-ai-ml-servers
"Senior Financial Analyst, AWS Identity and Cloud Governance Finance",amazon,"US, WA, Seattle",0.5144,2026-07-14,https://www.amazon.jobs/en/jobs/10473292/senior-financial-analyst-aws-identity-and-cloud-governance-finance
"Data Center Technician, CLT DCO",amazon,"US, NC, Hamlet",0.5116,2026-07-14,https://www.amazon.jobs/en/jobs/10474575/data-center-technician-clt-dco
Data Center Chief Engineer,amazon,"US, AZ, Avondale",0.5086,2026-07-14,https://www.amazon.jobs/en/jobs/10474369/data-center-chief-engineer
"Senior Technical Program Manager, Cloud Infrastructure, Observability and Systems Monitoring",nvidia,"US, CA, Santa Clara; US, WA, Remote",0.5081,2026-07-14,https://nvidia.wd5.myworkdayjobs.com/NVIDIAExternalCareerSite/job/US-CA-Santa-Clara/Senior-Technical-Program-Manager--Cloud-Infrastructure--Observability-and-Systems-Monitoring_JR2016921
Engineering Operation Technician,amazon,"US, AZ, Scottsdale",0.502,2026-07-14,https://www.amazon.jobs/en/jobs/10474343/engineering-operation-technician
Engineering Operation Technician,amazon,"US, AZ, Scottsdale",0.502,2026-07-14,https://www.amazon.jobs/en/jobs/10474346/engineering-operation-technician
Engineering Operation Technician,amazon,"US, AZ, Scottsdale",0.502,2026-07-14,https://www.amazon.jobs/en/jobs/10474349/engineering-operation-technician
Engineering Operation Technician Night Role,amazon,"US, TX, Lubbock",0.5016,2026-07-14,https://www.amazon.jobs/en/jobs/10473443/engineering-operation-technician-night-role
Engineering Operation Technician Night Role,amazon,"US, TX, Lubbock",0.5007,2026-07-14,https://www.amazon.jobs/en/jobs/10473442/engineering-operation-technician-night-role
Engineering Operation Technician,amazon,"US, AZ, Avondale",0.5001,2026-07-14,https://www.amazon.jobs/en/jobs/10474324/engineering-operation-technician
Engineering Operation Technician,amazon,"US, AZ, Avondale",0.5001,2026-07-14,https://www.amazon.jobs/en/jobs/10474339/engineering-operation-technician
Engineering Operation Technician,amazon,"US, AZ, Avondale",0.5001,2026-07-14,https://www.amazon.jobs/en/jobs/10474358/engineering-operation-technician
Engineering Operation Technician,amazon,"US, AZ, Avondale",0.5001,2026-07-14,https://www.amazon.jobs/en/jobs/10474359/engineering-operation-technician
Engineering Operation Technician,amazon,"US, AZ, Avondale",0.5001,2026-07-14,https://www.amazon.jobs/en/jobs/10474360/engineering-operation-technician
Engineering Operation Technician,amazon,"US, AZ, Avondale",0.5001,2026-07-14,https://www.amazon.jobs/en/jobs/10474365/engineering-operation-technician
Engineering Operation Technician,amazon,"US, AZ, Avondale",0.5001,2026-07-14,https://www.amazon.jobs/en/jobs/10474370/engineering-operation-technician
Engineering Operation Technician,amazon,"US, AZ, Avondale",0.5001,2026-07-14,https://www.amazon.jobs/en/jobs/10474367/engineering-operation-technician
Engineering Operation Technician,amazon,"US, AZ, Avondale",0.5001,2026-07-14,https://www.amazon.jobs/en/jobs/10474366/engineering-operation-technician
Engineering Operation Technician,amazon,"US, AZ, Avondale",0.5001,2026-07-14,https://www.amazon.jobs/en/jobs/10474340/engineering-operation-technician
Engineering Operation Technician,amazon,"US, AZ, Avondale",0.5001,2026-07-14,https://www.amazon.jobs/en/jobs/10474341/engineering-operation-technician
"Sr. Technical Program Manager, Power Generation Solutions, Global Energy, Power Generation Solutions",amazon,"US, VA, Herndon",0.4999,2026-07-14,https://www.amazon.jobs/en/jobs/10473318/sr-technical-program-manager-power-generation-solutions-global-energy-power-generation-solutions
Data Center Chief Engineer,amazon,"US, NV, Sparks",0.4979,2026-07-14,https://www.amazon.jobs/en/jobs/10474372/data-center-chief-engineer
"Applied Scientist, Ads Measurement Science",amazon_science,"US, NY, New York",0.4951,2026-07-14,https://www.amazon.jobs/jobs/10472836/applied-scientist-ads-measurement-science?cmpid=bsp-amazon-science
Engineering Operation Technician,amazon,"US, AZ, Avondale",0.4938,2026-07-14,https://www.amazon.jobs/en/jobs/10474364/engineering-operation-technician
"Sr. Startup Solutions Architect, Startups",amazon,"US, NY, New York",0.4937,2026-07-14,https://www.amazon.jobs/en/jobs/10473787/sr-startup-solutions-architect-startups
"Applied Scientist, Tablets",amazon_science,"US, WA, Seattle",0.4914,2026-07-14,https://www.amazon.jobs/jobs/10473207/applied-scientist-tablets?cmpid=bsp-amazon-science
"System Software Engineer, Dynamo-Triton Inference Server - New College Grad 2026",nvidia,"US, CA, Santa Clara; US, CA, Remote",0.4898,2026-07-14,https://nvidia.wd5.myworkdayjobs.com/NVIDIAExternalCareerSite/job/US-CA-Santa-Clara/System-Software-Engineer--Dynamo-Triton-Inference-Server---New-College-Grad-2026_JR2020767
Engineering Operation Technician,amazon,"US, AZ, Avondale",0.489,2026-07-14,https://www.amazon.jobs/en/jobs/10474363/engineering-operation-technician
"Sr. Supply Chain Manager, Amazon Funded Buy Sell",amazon,"US, WA, Seattle",0.4884,2026-07-14,https://www.amazon.jobs/en/jobs/10473889/sr-supply-chain-manager-amazon-funded-buy-sell
"Sr. Program Manager, Supply Chain, GEMS, NA Startup",amazon,"US, WA, Bellevue",0.4879,2026-07-14,https://www.amazon.jobs/en/jobs/10473240/sr-program-manager-supply-chain-gems-na-startup
"Director Engineering, WorkSpaces Apps, Secure Work Enablement",amazon,"US, WA, Seattle",0.4851,2026-07-14,https://www.amazon.jobs/en/jobs/10473296/director-engineering-workspaces-apps-secure-work-enablement
"Solutions Architect, Enterprise Greenfield",amazon,"US, IL, Chicago",0.4819,2026-07-14,https://www.amazon.jobs/en/jobs/10473631/solutions-architect-enterprise-greenfield
"Commissioning Engineer, AWS Commissioning",amazon,"US, MD, Frederick",0.4808,2026-07-14,https://www.amazon.jobs/en/jobs/10473682/commissioning-engineer-aws-commissioning
Engineering Operation Technician Night Role,amazon,"US, OH, Jeffersonville",0.4801,2026-07-14,https://www.amazon.jobs/en/jobs/10473445/engineering-operation-technician-night-role
"Data Center Technician, CLT DCO",amazon,"US, NC, Hamlet",0.4781,2026-07-14,https://www.amazon.jobs/en/jobs/10473833/data-center-technician-clt-dco
"Sr. Solutions Architect, Software and Technology",amazon,"US, CA, San Francisco",0.4743,2026-07-14,https://www.amazon.jobs/en/jobs/10473633/sr-solutions-architect-software-and-technology
Customer Success Account Manager,microsoft,"United States, Multiple Locations, Multiple Locations",0.4736,2026-07-14,https://apply.careers.microsoft.com/careers/job/1970393556927553
"Senior Software Development Engineer, Omnichannel Grocery Advertising",amazon,"US, NY, New York",0.4705,2026-07-14,https://www.amazon.jobs/en/jobs/10474548/senior-software-development-engineer-omnichannel-grocery-advertising
"FLS Manufacturing Engineer, Amazon Leo",amazon,"US, WA, Kirkland",0.4591,2026-07-14,https://www.amazon.jobs/en/jobs/10473364/fls-manufacturing-engineer-amazon-leo
"FLS Manufacturing Engineer, Amazon Leo",amazon,"US, WA, Kirkland",0.4591,2026-07-14,https://www.amazon.jobs/en/jobs/10473365/fls-manufacturing-engineer-amazon-leo
Business Development Representative,canva,"Austin, TX, United States",0.4578,2026-07-14,https://jobs.smartrecruiters.com/Canva/6000000001232433-business-development-representative
"Applied AI Engineer, Beneficial Deployments",anthropic,"London, UK",0.4521,2026-07-14,https://job-boards.greenhouse.io/anthropic/jobs/5343697008
"Senior AI Compiler Engineer, Algorithms and Code-Generation",nvidia,"US, CA, Santa Clara; US, TX, Austin; US, TX, Remote; US, WA, Remote; US, CA, Remote",0.4517,2026-07-14,https://nvidia.wd5.myworkdayjobs.com/NVIDIAExternalCareerSite/job/US-CA-Santa-Clara/Senior-AI-Compiler-Engineer--Algorithms-and-Code-Generation_JR2021350
"Senior UX Designer, Monetization",amazon,"US, CA, San Francisco",0.4506,2026-07-14,https://www.amazon.jobs/en/jobs/10474312/senior-ux-designer-monetization
"Senior Field Sales & Business Operations Lead, US Specialist Org​ , NAMER Specialist Operations",amazon,"US, TX, Dallas",0.4478,2026-07-14,https://www.amazon.jobs/en/jobs/10473899/senior-field-sales-business-operations-lead-us-specialist-org-namer-specialist-operations
"NW Deployment Tech IV (GND-CORE), DCC Communities ",amazon,"US, OR, Umatilla",0.4412,2026-07-14,https://www.amazon.jobs/en/jobs/10474516/nw-deployment-tech-iv-gnd-core-dcc-communities
"Senior Manager, Software Engineering - Profiling Services",nvidia,"US, CA, Santa Clara",0.4401,2026-07-14,https://nvidia.wd5.myworkdayjobs.com/NVIDIAExternalCareerSite/job/US-CA-Santa-Clara/Senior-Manager--Software-Engineering---Profiling-Services_JR2021041
Backend Compiler Engineer - New College Grad 2026,nvidia,"US, CA, Santa Clara",0.4383,2026-07-14,https://nvidia.wd5.myworkdayjobs.com/NVIDIAExternalCareerSite/job/US-CA-Santa-Clara/Backend-Compiler-Engineer---New-College-Grad-2026_JR2021242
"IT Support Data Scientist, Employee Experience & Productivity, IS&T",apple,,0.4373,2026-07-14,https://jobs.apple.com/en-us/details/200669063-3956/it-support-data-scientist-employee-experience-productivity-is-t?team=SFTWR
"Software Development Engineer, Prime Video Sports News and Linear",amazon,"US, TX, Austin",0.437,2026-07-14,https://www.amazon.jobs/en/jobs/10473446/software-development-engineer-prime-video-sports-news-and-linear
"Senior Machine Learning Engineer, Developer Product Analytics",apple,,0.4359,2026-07-14,https://jobs.apple.com/en-us/details/200672402-0836/senior-machine-learning-engineer-developer-product-analytics?team=SFTWR
"MFG Specialist Technician III, Amazon Leo",amazon,"US, WA, Kirkland",0.4346,2026-07-14,https://www.amazon.jobs/en/jobs/10473979/mfg-specialist-technician-iii-amazon-leo
Information Security Systems Engineer,nvidia,"US, VA, Herndon",0.4344,2026-07-14,https://nvidia.wd5.myworkdayjobs.com/NVIDIAExternalCareerSite/job/US-VA-Herndon/Information-Security-Systems-Engineer_JR2020340
Software Engineer,microsoft,"United States, Multiple Locations, Multiple Locations",0.4324,2026-07-14,https://apply.careers.microsoft.com/careers/job/1970393556928331
Senior Compiler Engineer - DL,nvidia,"US, CA, Santa Clara; US, TX, Austin; US, TX, Remote; US, WA, Remote; US, CA, Remote; US, WA, Redmond",0.4321,2026-07-14,https://nvidia.wd5.myworkdayjobs.com/NVIDIAExternalCareerSite/job/US-CA-Santa-Clara/Senior-Compiler-Engineer---DL_JR2021197
Area Manager II ,amazon,"US, VA, Clear Brook",0.43,2026-07-14,https://www.amazon.jobs/en/jobs/10473376/area-manager-ii
"Site Reliability Engineer, Cloud",nvidia,"US, CA, Santa Clara",0.4259,2026-07-14,https://nvidia.wd5.myworkdayjobs.com/NVIDIAExternalCareerSite/job/US-CA-Santa-Clara/Site-Reliability-Engineer--Cloud_JR2020831
"Supply Chain Analyst, WWGS, DC Ops & SC Integration, SCPM Team",amazon,"US, TX, Austin",0.4215,2026-07-14,https://www.amazon.jobs/en/jobs/10474381/supply-chain-analyst-wwgs-dc-ops-sc-integration-scpm-team
Senior AI Workflow Engineer,nvidia,"US, CA, Santa Clara",0.4213,2026-07-14,https://nvidia.wd5.myworkdayjobs.com/NVIDIAExternalCareerSite/job/US-CA-Santa-Clara/Senior-AI-Workflow-Engineer_JR1999298
"Manager, Energy Procurement & Utility Strategy",amazon,"US, WA, Bellevue",0.419,2026-07-14,https://www.amazon.jobs/en/jobs/10473247/manager-energy-procurement-utility-strategy
Senior System Software Engineer - Tegra,nvidia,"US, CA, Santa Clara",0.4174,2026-07-14,https://nvidia.wd5.myworkdayjobs.com/NVIDIAExternalCareerSite/job/US-CA-Santa-Clara/Senior-System-Software-Engineer---Tegra_JR2011616
"Staff + Sr. Software Engineer, Cloud Inference Launch Engineering",anthropic,"San Francisco, CA",0.4171,2026-07-14,https://job-boards.greenhouse.io/anthropic/jobs/5238296008
"Senior Product Manager, Commerce",amazon,"US, CA, San Francisco",0.4141,2026-07-14,https://www.amazon.jobs/en/jobs/10473307/senior-product-manager-commerce
"Senior Manager, Indirect Tax",canva,"San Francisco, CA, United States",0.408,2026-07-14,https://jobs.smartrecruiters.com/Canva/6000000001229659-senior-manager-indirect-tax
"Senior Solutions Architect, First Time Deployment Networking InfiniBand - NVIS",nvidia,"US, CA, Santa Clara; US, TX, Remote; US, VA, Remote; US, WA, Remote",0.4077,2026-07-14,https://nvidia.wd5.myworkdayjobs.com/NVIDIAExternalCareerSite/job/US-CA-Santa-Clara/Senior-Solutions-Architect--First-Time-Deployment-Networking-InfiniBand---NVIS_JR2021241
Area Manager ,amazon,"US, TN, Lebanon",0.4065,2026-07-14,https://www.amazon.jobs/en/jobs/10474584/area-manager
"Staff+ Software Engineer, Capacity Engineering",anthropic,"San Francisco, CA",0.4065,2026-07-14,https://job-boards.greenhouse.io/anthropic/jobs/5310731008
"Senior Solution Engineer for NVIDIA Experience, Compute Software",nvidia,"US, CA, Santa Clara; US, MA, Westford; US, TX, Austin; US, NC, Durham; US, WA, Redmond; US, NY, New York",0.4046,2026-07-14,https://nvidia.wd5.myworkdayjobs.com/NVIDIAExternalCareerSite/job/US-CA-Santa-Clara/Senior-Solution-Engineer-for-NVIDIA-Experience--Compute-Software_JR2021269
"Electrical Design & Verification Engineer (DVE), Leo Optical ISL Development",amazon,"US, WA, Redmond",0.4033,2026-07-14,https://www.amazon.jobs/en/jobs/10474010/electrical-design-verification-engineer-dve-leo-optical-isl-development
"Compiler Engineer, AI Inference- New College Grad 2026",nvidia,"US, CA, Santa Clara",0.4014,2026-07-14,https://nvidia.wd5.myworkdayjobs.com/NVIDIAExternalCareerSite/job/US-CA-Santa-Clara/Compiler-Engineer--AI-Inference--New-College-Grad-2026_JR2021230
Global Partnerships Operations Lead,canva,"Austin, TX, United States",0.3991,2026-07-14,https://jobs.smartrecruiters.com/Canva/6000000001232428-global-partnerships-operations-lead
Senior DevOps Engineer - E-commerce,nvidia,"US, CA, Santa Clara; US, CA, Remote",0.3979,2026-07-14,https://nvidia.wd5.myworkdayjobs.com/NVIDIAExternalCareerSite/job/US-CA-Santa-Clara/Senior-DevOps-Engineer---E-commerce_JR2021181
Senior ASIC Design Engineer,nvidia,"US, CA, Santa Clara; US, CA, Remote",0.3967,2026-07-14,https://nvidia.wd5.myworkdayjobs.com/NVIDIAExternalCareerSite/job/US-CA-Santa-Clara/Senior-ASIC-Design-Engineer_JR2021345
"Senior Machine Learning Applications and Compiler Engineer, LPX",nvidia,"US, CA, Santa Clara; US, CA, Remote",0.3952,2026-07-14,https://nvidia.wd5.myworkdayjobs.com/NVIDIAExternalCareerSite/job/US-CA-Santa-Clara/Senior-Machine-Learning-Applications-and-Compiler-Engineer_JR2012559
"Senior Deep Learning Software Engineer, Inference",nvidia,"US, CA, Remote; US, TX, Remote; US, NY, Remote; US, WA, Remote; US, MA, Remote",0.3946,2026-07-14,https://nvidia.wd5.myworkdayjobs.com/NVIDIAExternalCareerSite/job/US-CA-Remote/Senior-Deep-Learning-Software-Engineer--Inference_JR2003655
Senior Financial Analyst - Graphics Finance,nvidia,"US, CA, Santa Clara",0.3941,2026-07-14,https://nvidia.wd5.myworkdayjobs.com/NVIDIAExternalCareerSite/job/US-CA-Santa-Clara/Senior-Financial-Analyst---Graphics-Finance_JR2021000
Security Architect - New College Grad 2026,nvidia,"US, CA, Santa Clara",0.393,2026-07-14,https://nvidia.wd5.myworkdayjobs.com/NVIDIAExternalCareerSite/job/US-CA-Santa-Clara/Security-Architect---New-College-Grad-2026_JR2021165
Senior Platform AI Engineer,nvidia,"US, CA, Santa Clara; US, CA, Remote",0.3919,2026-07-14,https://nvidia.wd5.myworkdayjobs.com/NVIDIAExternalCareerSite/job/US-CA-Santa-Clara/Senior-Platform-AI-Engineer_JR2020962
Quantitative Intelligence Analyst,openai,San Francisco,0.3919,2026-07-14,https://jobs.ashbyhq.com/openai/5834b531-bb89-4471-9253-8c30bc0b26a8
Global Partnerships Operations Lead,canva,"San Francisco, CA, United States",0.3878,2026-07-14,https://jobs.smartrecruiters.com/Canva/6000000001232423-global-partnerships-operations-lead
Area Manager II ,amazon,"US, WI, Kenosha",0.3869,2026-07-14,https://www.amazon.jobs/en/jobs/10473735/area-manager-ii
"Applied Scientist II, Machine Learning Accelerator - Annapurna Labs",amazon_science,"US, TX, Austin",0.3867,2026-07-14,https://www.amazon.jobs/jobs/10473260/applied-scientist-ii-machine-learning-accelerator--annapurna-labs?cmpid=bsp-amazon-science
"Staff / Sr. Machine Learning Engineer, AI, Search & Knowledge Platforms",apple,Various Locations within San Francisco Bay Area,0.3864,2026-07-14,https://jobs.apple.com/en-us/details/200672425-3401/staff-sr-machine-learning-engineer-ai-search-knowledge-platforms?team=MLAI
Transportation Associate ,amazon,"US, GA, Jefferson",0.3848,2026-07-14,https://www.amazon.jobs/en/jobs/10473651/transportation-associate
Senior Systems Software Engineer - CI/CD Infrastructure for Open-Source Accelerated Computing Software,nvidia,"US, CA, Santa Clara",0.3836,2026-07-14,https://nvidia.wd5.myworkdayjobs.com/NVIDIAExternalCareerSite/job/US-CA-Santa-Clara/Senior-Systems-Software-Engineer---CI-CD-Infrastructure-for-Open-Source-Accelerated-Computing-Software_JR2020920
Senior Systems Software Engineer - CI/CD Infrastructure for Open-Source Accelerated Computing Software,nvidia,"US, CA, Santa Clara",0.3803,2026-07-14,https://nvidia.wd5.myworkdayjobs.com/NVIDIAExternalCareerSite/job/US-CA-Santa-Clara/Senior-Systems-Software-Engineer---CI-CD-Infrastructure-for-Open-Source-Accelerated-Computing-Software_JR2021032
"Economist, Ads Measurement Science",amazon_science,"US, NY, New York",0.379,2026-07-14,https://www.amazon.jobs/jobs/10473237/economist-ads-measurement-science?cmpid=bsp-amazon-science
Global Head of Sales & Partner Enablement,anthropic,"San Francisco, CA",0.3782,2026-07-14,https://job-boards.greenhouse.io/anthropic/jobs/5278232008
Software Engineer (L5) - Continuous Integration / Continuous Delivery,netflix,USA - Remote,0.3758,2026-07-14,https://explore.jobs.netflix.net/careers/job/790317054101
"Senior Software Engineer, DGX Cloud Production Engineering",nvidia,"US, CA, Santa Clara; US, Remote",0.3754,2026-07-14,https://nvidia.wd5.myworkdayjobs.com/NVIDIAExternalCareerSite/job/US-CA-Santa-Clara/Senior-Software-Engineer--DGX-Cloud-Production-Engineering_JR2021096
"Economist, International Seller Service",amazon_science,"US, WA, Seattle",0.3729,2026-07-14,https://www.amazon.jobs/jobs/10473122/economist-international-seller-service?cmpid=bsp-amazon-science
Operations Manager,amazon,"US, NY, Shirley",0.3706,2026-07-14,https://www.amazon.jobs/en/jobs/10473670/operations-manager
"Senior Privacy Software Engineer, Privacy Engineering (sensing and Intelligence)",apple,,0.3682,2026-07-14,https://jobs.apple.com/en-us/details/200672290-0836/senior-privacy-software-engineer-privacy-engineering-sensing-and-intelligence?team=SFTWR
Senior System Mechanical Engineer - LPU Platform,nvidia,"US, CA, Santa Clara",0.3667,2026-07-14,https://nvidia.wd5.myworkdayjobs.com/NVIDIAExternalCareerSite/job/US-CA-Santa-Clara/Senior-System-Mechanical-Engineer---LPU-Platform_JR2017840
Solutions Architect - Rack Scale AI Systems,nvidia,"US, CA, Santa Clara; US, TX, Austin",0.366,2026-07-14,https://nvidia.wd5.myworkdayjobs.com/NVIDIAExternalCareerSite/job/US-CA-Santa-Clara/Solutions-Architect---Rack-Scale-AI-Systems_JR2020656
"Manager, First Time Deployment - NVIS",nvidia,"US, CA, Santa Clara; US, TX, Remote; US, VA, Remote; US, WA, Remote",0.3628,2026-07-14,https://nvidia.wd5.myworkdayjobs.com/NVIDIAExternalCareerSite/job/US-CA-Santa-Clara/Manager--First-Time-Deployment---NVIS_JR2021239
"Engineering Manager, DGX Cloud Production Engineering",nvidia,"US, CA, Remote; US, TX, Remote; US, WA, Remote",0.3615,2026-07-14,https://nvidia.wd5.myworkdayjobs.com/NVIDIAExternalCareerSite/job/US-CA-Remote/Engineering-Manager--DGX-Cloud-Production-Engineering_JR2018814
Data Scientist Engineer - IT - Mercado Envios,mercadolibre,"Sul,Chile",0.3606,2026-07-14,https://mercadolibre.eightfold.ai/careers/job/41761465
"Engagement Tech Lead, Agentic AI",nvidia,"US, CA, Santa Clara; US, Remote",0.3603,2026-07-14,https://nvidia.wd5.myworkdayjobs.com/NVIDIAExternalCareerSite/job/US-CA-Santa-Clara/Engagement-Tech-Lead--Agentic-AI_JR2021353
Transportation Associate ,amazon,"US, LA, Shreveport",0.3596,2026-07-14,https://www.amazon.jobs/en/jobs/10473650/transportation-associate
Senior Business Intelligence Developer,apple,,0.3596,2026-07-14,https://jobs.apple.com/en-us/details/200672255-0670/senior-business-intelligence-developer?team=MKTG
"Senior Solutions Architect, ODM Support",nvidia,"US, CA, Santa Clara",0.3556,2026-07-14,https://nvidia.wd5.myworkdayjobs.com/NVIDIAExternalCareerSite/job/US-CA-Santa-Clara/Senior-Solutions-Architect--ODM-Support_JR2021026
Customer & Partner Engagement Manager,microsoft,"United States, Multiple Locations, Multiple Locations",0.3553,2026-07-14,https://apply.careers.microsoft.com/careers/job/1970393556928748
"Product Data Scentist, Employee Experience & Productivity, IS&T",apple,,0.3546,2026-07-14,https://jobs.apple.com/en-us/details/200669616-0157/product-data-scentist-employee-experience-productivity-is-t?team=SFTWR
Business Manager,microsoft,"United States, Multiple Locations, Multiple Locations",0.3543,2026-07-14,https://apply.careers.microsoft.com/careers/job/1970393556928740
"AI Deployment Engineer, Ecosystem - Plugins",openai,San Francisco,0.3525,2026-07-14,https://jobs.ashbyhq.com/openai/ca9e0aeb-6df1-4b73-8ec0-2e9e124712f1
Business Support Engineer - Meta Business Agents,meta,Singapore,0.349,2026-07-14,https://www.metacareers.com/profile/job_details/2427518974400386
Kernel Software Development Engineer - Core Sensors Architecture,apple,,0.3486,2026-07-14,https://jobs.apple.com/en-us/details/200672276-0836/kernel-software-development-engineer-core-sensors-architecture?team=SFTWR
"Senior Art Director, Events",nvidia,"US, CA, Santa Clara",0.3486,2026-07-14,https://nvidia.wd5.myworkdayjobs.com/NVIDIAExternalCareerSite/job/US-CA-Santa-Clara/Senior-Art-Director--Events_JR2020814
Kernel Software Development Engineer - Core Sensors Architecture,apple,,0.3478,2026-07-14,https://jobs.apple.com/en-us/details/200672281-0836/kernel-software-development-engineer-core-sensors-architecture?team=SFTWR
"Account Executive, AWS TMEGS, Telco",amazon,"US, WA, Seattle",0.3467,2026-07-14,https://www.amazon.jobs/en/jobs/10473886/account-executive-aws-tmegs-telco
"Executive Assistant, Amazon LEO",amazon,"US, CA, Sunnyvale",0.3439,2026-07-14,https://www.amazon.jobs/en/jobs/10474514/executive-assistant-amazon-leo
"Senior Solutions Architect, First Time Deployment Validation - NVIS",nvidia,"US, CA, Santa Clara; US, TX, Remote; US, VA, Remote; US, WA, Remote",0.343,2026-07-14,https://nvidia.wd5.myworkdayjobs.com/NVIDIAExternalCareerSite/job/US-CA-Santa-Clara/Senior-Solutions-Architect--First-Time-Deployment-Validation---NVIS_JR2021226
"Strategic Account Executive, Cybersecurity",anthropic,"New York City, NY",0.3405,2026-07-14,https://job-boards.greenhouse.io/anthropic/jobs/5075093008
Lead Associate,amazon,"US, OR, Portland",0.3396,2026-07-14,https://www.amazon.jobs/en/jobs/10473630/lead-associate
Analista data expert Flow,mercadolibre,"Distrito Federal,Mexico",0.3388,2026-07-14,https://mercadolibre.eightfold.ai/careers/job/43072122
"Sr. Manager, Ad Ops Demand Management (UCAN)",netflix,"New York,New York,United States of America",0.3359,2026-07-14,https://explore.jobs.netflix.net/careers/job/790317110136
"Senior Solutions Architect, First Time Deployment HW/MEP - NVIS",nvidia,"US, CA, Santa Clara; US, TX, Remote; US, VA, Remote; US, WA, Remote",0.3354,2026-07-14,https://nvidia.wd5.myworkdayjobs.com/NVIDIAExternalCareerSite/job/US-CA-Santa-Clara/Senior-Solutions-Architect--First-Time-Deployment-HW-MEP---NVIS_JR2021243
"Software Security Engineering Manager, Secure Frameworks",anthropic,"San Francisco, CA",0.3322,2026-07-14,https://job-boards.greenhouse.io/anthropic/jobs/5324758008
"AIML - Machine Learning Researcher, MLR",apple,,0.3302,2026-07-14,https://jobs.apple.com/en-us/details/200672254-3337/aiml-machine-learning-researcher-mlr?team=MLAI
Machine Learning Engineer Platform - iCloud Mail Intelligence,apple,,0.3278,2026-07-14,https://jobs.apple.com/en-us/details/200663254-3543/machine-learning-engineer-platform-icloud-mail-intelligence?team=MLAI
"Technical Deployment Lead, Semiconductors",openai,San Francisco,0.3275,2026-07-14,https://jobs.ashbyhq.com/openai/1c2a411c-eb30-406b-bbd0-454d516ad797
Senior DFT Engineer,nvidia,"US, CA, Santa Clara",0.3255,2026-07-14,https://nvidia.wd5.myworkdayjobs.com/NVIDIAExternalCareerSite/job/US-CA-Santa-Clara/Senior-DFT-Engineer_JR2020790
"Business Insights Analyst, ASO Operations",apple,,0.3244,2026-07-14,https://jobs.apple.com/en-us/details/200672396-0157/business-insights-analyst-aso-operations?team=CORSV
Engineering Program Manager- Customer Systems,apple,,0.3199,2026-07-14,https://jobs.apple.com/en-us/details/200671980-0157/engineering-program-manager-customer-systems?team=SFTWR
"AppleCare Technologies BPR Project Manager, Generative AI",apple,,0.3198,2026-07-14,https://jobs.apple.com/en-us/details/200672181-0157/applecare-technologies-bpr-project-manager-generative-ai?team=OPMFG
"Software Engineer, Systems",meta,"Tel Aviv, Israel",0.3174,2026-07-14,https://www.metacareers.com/profile/job_details/2082780019279407
"Engineering Manager, Model Flywheel",openai,San Francisco,0.3153,2026-07-14,https://jobs.ashbyhq.com/openai/37ee9010-079f-4932-9fc9-45cd9372b6dd
"Senior Machine Learning Engineer, Ads Content Understanding",reddit,Remote - United States,0.315,2026-07-14,https://job-boards.greenhouse.io/reddit/jobs/8008648
Senior DFT Power Methodology Engineer,nvidia,"US, CA, Santa Clara",0.3136,2026-07-14,https://nvidia.wd5.myworkdayjobs.com/NVIDIAExternalCareerSite/job/US-CA-Santa-Clara/Senior-DFT-Power-Methodology-Engineer_JR2021098-1
"AIML - Machine Learning Engineer, Red Teaming - Responsible AI and Safety",apple,Various Locations within San Francisco Bay Area,0.3135,2026-07-14,https://jobs.apple.com/en-us/details/200652521-3401/aiml-machine-learning-engineer-red-teaming-responsible-ai-and-safety?team=MLAI
"Principal SoC Architect, Robotics and Automotive",nvidia,"US, CA, Santa Clara",0.308,2026-07-14,https://nvidia.wd5.myworkdayjobs.com/NVIDIAExternalCareerSite/job/US-CA-Santa-Clara/Principal-SoC-Architect--Robotics-and-Automotive_JR2021367
"Manager, Production Management, Unscripted (India)",netflix,"Mumbai,India",0.3078,2026-07-14,https://explore.jobs.netflix.net/careers/job/790316840363
Process Assistant,amazon,"US, IN, Greenfield",0.3064,2026-07-14,https://www.amazon.jobs/en/jobs/10473629/process-assistant
"Research Engineer, Chip Design RL (Reinforcement Learning)",anthropic,"San Francisco, CA",0.3064,2026-07-14,https://job-boards.greenhouse.io/anthropic/jobs/5231612008
Process Assistant,amazon,"US, IN, Greenfield",0.3044,2026-07-14,https://www.amazon.jobs/en/jobs/10473737/process-assistant
"Systems Software Engineer, Wireless Technologies & Ecosystems",apple,,0.3034,2026-07-14,https://jobs.apple.com/en-us/details/200671985-0836/systems-software-engineer-wireless-technologies-ecosystems?team=SFTWR
Product Design Engineer - Core Systems,apple,,0.3026,2026-07-14,https://jobs.apple.com/en-us/details/200671854-0836/product-design-engineer-core-systems?team=HRDWR
Employee Relations Manager,netflix,"Amsterdam,Netherlands; London,United Kingdom",0.3024,2026-07-14,https://explore.jobs.netflix.net/careers/job/790317091127
"Siri AI Software Engineer, Siri Core",apple,,0.3008,2026-07-14,https://jobs.apple.com/en-us/details/200672224-0836/siri-ai-software-engineer-siri-core?team=MLAI
Software Engineer 5— Platform Modernization Engineering,netflix,"Warsaw,Poland",0.2996,2026-07-14,https://explore.jobs.netflix.net/careers/job/790317047395
"AI Research Scientist, VLLM (Vision Large Language Models) - Generative AI",meta,"Sunnyvale, CA +3 locations",0.2954,2026-07-14,https://www.metacareers.com/profile/job_details/1926571641386728
"Technical Program Manager, GeForce NOW - E-commerce",nvidia,"US, CA, Santa Clara",0.2937,2026-07-14,https://nvidia.wd5.myworkdayjobs.com/NVIDIAExternalCareerSite/job/US-CA-Santa-Clara/Technical-Program-Manager--GeForce-NOW---E-commerce_JR2021200
Principal Technical Program Manager - Autonomous Vehicles,nvidia,"US, CA, Santa Clara",0.2905,2026-07-14,https://nvidia.wd5.myworkdayjobs.com/NVIDIAExternalCareerSite/job/US-CA-Santa-Clara/Senior-Technical-Program-Manager---Autonomous-Vehicles_JR2006767
Senior Credit & Collections ,openai,San Francisco,0.2902,2026-07-14,https://jobs.ashbyhq.com/openai/c6094d81-4be2-40c7-8ae1-62f257fd1d49
Onsite Medical Representative,amazon,"US, IN, Bristol",0.2891,2026-07-14,https://www.amazon.jobs/en/jobs/10473688/onsite-medical-representative
Feature Integration Quality Engineer,apple,,0.2873,2026-07-14,https://jobs.apple.com/en-us/details/200672268-0836/feature-integration-quality-engineer?team=SFTWR
"Senior Architect, Camera ISP",nvidia,"US, CA, Santa Clara",0.2873,2026-07-14,https://nvidia.wd5.myworkdayjobs.com/NVIDIAExternalCareerSite/job/US-CA-Santa-Clara/Senior-Architect--Camera-ISP_JR2021178
Executive Assistant Business Partner III,uber,"Chicago, Cook, United States; San Francisco, San Francisco, United States",0.2859,2026-07-14,https://www.uber.com/global/en/careers/list/160457/
Program Manager,meta,"Austin, TX +3 locations",0.2847,2026-07-14,https://www.metacareers.com/profile/job_details/1560928265411556
Senior Software Engineer,apple,,0.2838,2026-07-14,https://jobs.apple.com/en-us/details/200654519-3337/senior-software-engineer?team=SFTWR
"Manager I, Account Management, Eats SMB (Sales Plan)",uber,"Atlanta, Fulton, United States",0.2812,2026-07-14,https://www.uber.com/global/en/careers/list/300949/
"Product Manager, Personalization",netflix,"Los Gatos,California,United States of America; Seattle,Washington,United States of America; Los Angeles,California,United States of America",0.2793,2026-07-14,https://explore.jobs.netflix.net/careers/job/790317110119
"Administrative Assistant - ASE Operations Admin Team, Apple Services Engineering",apple,,0.2792,2026-07-14,https://jobs.apple.com/en-us/details/200672312-0836/administrative-assistant-ase-operations-admin-team-apple-services-engineering?team=CORSV
"Analytics & Business Planning Lead, ASO Operations",apple,,0.2776,2026-07-14,https://jobs.apple.com/en-us/details/200672386-0157/analytics-business-planning-lead-aso-operations?team=CORSV
Software Engineer - Creator Studio,apple,,0.2768,2026-07-14,https://jobs.apple.com/en-us/details/200649127-1435/software-engineer-creator-studio?team=SFTWR
"Product Marketing Manager, Wearables",meta,"Seattle, WA +1 locations",0.2756,2026-07-14,https://www.metacareers.com/profile/job_details/2151285495417098
Technical Director- Ink,netflix,"Los Angeles,California,United States of America; Vancouver,British Columbia,Canada; Los Gatos,California,United States of America",0.2744,2026-07-14,https://explore.jobs.netflix.net/careers/job/790317126835
"Associate Product Counsel, Safety",discord,San Francisco Bay Area,0.2735,2026-07-14,https://job-boards.greenhouse.io/discord/jobs/8625545002
Manufacturing Operations Manager – RL (Reality Labs),meta,"Shanghai, China +1 locations",0.2724,2026-07-14,https://www.metacareers.com/profile/job_details/1609983894041566
Marketing Operations Manager,apple,,0.2718,2026-07-14,https://jobs.apple.com/en-us/details/200672299-0670/marketing-operations-manager?team=MKTG
"Art & Print Producer, Awards",netflix,"Los Angeles,California,United States of America",0.2713,2026-07-14,https://explore.jobs.netflix.net/careers/job/790317126858
Supervisor de Melhoria Contínua - Mercado Envios,mercadolibre,"Sudeste,Brazil; Cotia, SP, BR",0.2684,2026-07-14,https://mercadolibre.eightfold.ai/careers/job/43117447
Automation Quality Engineer,apple,,0.2668,2026-07-14,https://jobs.apple.com/en-us/details/200671691-3956/automation-quality-engineer?team=HRDWR
Full Stack Software Engineer - Camera & Photos Tools & AI Team,apple,,0.2664,2026-07-14,https://jobs.apple.com/en-us/details/200672256-0836/full-stack-software-engineer-camera-photos-tools-ai-team?team=SFTWR
Global Knowledge Governance & Standards Program Manager,uber,"New York, New York, United States; Chicago, Cook, United States; San Francisco, San Francisco, United States",0.2633,2026-07-14,https://www.uber.com/global/en/careers/list/159970/
"Manager, Financial Reporting (APAC, EMEA, LATAM)",netflix,"Manila,Philippines",0.263,2026-07-14,https://explore.jobs.netflix.net/careers/job/790317044484
Revenue Growth & Strategy Partner,reddit,"Remote - Ontario, Canada",0.2622,2026-07-14,https://job-boards.greenhouse.io/reddit/jobs/8062300
"Engineering Project Manager, Developer Publications",apple,,0.2611,2026-07-14,https://jobs.apple.com/en-us/details/200668896-0836/engineering-project-manager-developer-publications?team=SFTWR
"Escalations Manager, Global Response Operations",meta,"Austin, TX",0.261,2026-07-14,https://www.metacareers.com/profile/job_details/4456896444522393
Líder de equipe logística para Mercado Envios,mercadolibre,"Sudeste,Brazil; Mooca, São Paulo - SP, Brasil",0.259,2026-07-14,https://mercadolibre.eightfold.ai/careers/job/42983861
Analista Senior de Propuesta de Valor y Estrategia de Portafolio - Fintech,mercadolibre,"Buenos Aires,Argentina",0.2561,2026-07-14,https://mercadolibre.eightfold.ai/careers/job/43118757
Subgerencia de estrategia comercial para pagos digitales - Fintech,mercadolibre,"Región Metropolitana de Santiago,Chile",0.2555,2026-07-14,https://mercadolibre.eightfold.ai/careers/job/41903333
Software Project Leader,mercadolibre,"Bogotá,Colombia",0.2553,2026-07-14,https://mercadolibre.eightfold.ai/careers/job/42914476
Líder de equipe logística para Mercado Envios,mercadolibre,"Sudeste,Brazil; São Paulo - SP",0.2539,2026-07-14,https://mercadolibre.eightfold.ai/careers/job/42983729
"Software Engineer, Music Search",apple,,0.2538,2026-07-14,https://jobs.apple.com/en-us/details/200671628-3337/software-engineer-music-search?team=SFTWR
"Research Scientist, World Modelling",meta,"Menlo Park, CA",0.2521,2026-07-14,https://www.metacareers.com/profile/job_details/27256481520713890
Revenue Growth & Strategy Partner,reddit,Remote - United States,0.2509,2026-07-14,https://job-boards.greenhouse.io/reddit/jobs/8061819
Líder de equipe logística para Mercado Envios,mercadolibre,"Sudeste,Brazil; Cuiabá - MT, Brasil",0.25,2026-07-14,https://mercadolibre.eightfold.ai/careers/job/42984383
Digital Hardware Engineer,apple,,0.2479,2026-07-14,https://jobs.apple.com/en-us/details/200657758-3956/digital-hardware-engineer?team=HRDWR
Líder Sênior de Equipe de Logística - Mercado Envios,mercadolibre,"Sudeste,Brazil",0.246,2026-07-14,https://mercadolibre.eightfold.ai/careers/job/43114884
Líder de Equipe Logística - Mercado Envios,mercadolibre,"Sudeste,Brazil; São Pedro da Aldeia, RJ, Brasil",0.2454,2026-07-14,https://mercadolibre.eightfold.ai/careers/job/42984294
Líder de Equipe Logística - Mercado Envios,mercadolibre,"Sudeste,Brazil; Jaboatão DoS Guararapes, PE, BR",0.2453,2026-07-14,https://mercadolibre.eightfold.ai/careers/job/42984580
Líder de equipe logística - Mercado Envios,mercadolibre,"Sudeste,Brazil; Jaboatão DoS Guararapes, PE, BR",0.2453,2026-07-14,https://mercadolibre.eightfold.ai/careers/job/42984523
Revenue Growth & Strategy Partner,reddit,Remote - United Kingdom,0.2453,2026-07-14,https://job-boards.greenhouse.io/reddit/jobs/8062273
"Safeguards Enforcement Analyst, Fraud & Scams",anthropic,"San Francisco, CA",0.2448,2026-07-14,https://job-boards.greenhouse.io/anthropic/jobs/5319554008
Líder de Equipe Logística - Mercado Envios,mercadolibre,"Sudeste,Brazil",0.2442,2026-07-14,https://mercadolibre.eightfold.ai/careers/job/42836764
"Account Manager I, Eats SMB (Sales Plan)",uber,"Los Angeles, Los Angeles, United States",0.2429,2026-07-14,https://www.uber.com/global/en/careers/list/300937/
Líder de equipe logística para Mercado Envios,mercadolibre,"Sudeste,Brazil; Jaboatão dos Guararapes, PE, Brasil",0.2416,2026-07-14,https://mercadolibre.eightfold.ai/careers/job/42984449
"Stage Manager, Fort Monmouth",netflix,"New Jersey,New Jersey,United States of America",0.2411,2026-07-14,https://explore.jobs.netflix.net/careers/job/790317109984
Operations Program Specialist - iPad,apple,,0.2404,2026-07-14,https://jobs.apple.com/en-us/details/200670934-0836/operations-program-specialist-ipad?team=OPMFG
"Account Manager II, Eats SMB (Sales Plan)",uber,"Los Angeles, Los Angeles, United States",0.2399,2026-07-14,https://www.uber.com/global/en/careers/list/301383/
"Director, Investor Relations",anthropic,"San Francisco, CA",0.2399,2026-07-14,https://job-boards.greenhouse.io/anthropic/jobs/5345466008
Lider de Equipe Logística - Mercado Envios,mercadolibre,"Sudeste,Brazil",0.2381,2026-07-14,https://mercadolibre.eightfold.ai/careers/job/43071271
US-Technical Specialist,apple,,0.2365,2026-07-14,https://jobs.apple.com/en-us/details/200672283-3267/us-technical-specialist?team=APPST
Camera Software - Sr. Machine Learning Engineer,apple,,0.2362,2026-07-14,https://jobs.apple.com/en-us/details/200644537-0836/camera-software-sr-machine-learning-engineer?team=SFTWR
RF Modeling Systems Engineer,apple,Various Locations within Los Angeles Metro Area,0.2355,2026-07-14,https://jobs.apple.com/en-us/details/200671780-1756/rf-modeling-systems-engineer?team=HRDWR
Software Engineer - Android (Technical Leadership),meta,"Menlo Park, CA +2 locations",0.2351,2026-07-14,https://www.metacareers.com/profile/job_details/699608119727078
Materials Program Manager,apple,,0.2346,2026-07-14,https://jobs.apple.com/en-us/details/200671455-0157/materials-program-manager?team=OPMFG
"Senior Manager, Global Retail",uber,"Dallas, Dallas, United States; New York, New York, United States; Chicago, Cook, United States; Seattle, King, United States; San Francisco, San Francisco, United States",0.2335,2026-07-14,https://www.uber.com/global/en/careers/list/158230/
QA Engineering Lead,meta,"London, UK",0.2315,2026-07-14,https://www.metacareers.com/profile/job_details/923218807475051
"Account Representative, Eats SMB Dallas",uber,"Dallas, Dallas, United States",0.2315,2026-07-14,https://www.uber.com/global/en/careers/list/301463/
Revenue Growth & Strategy Partner,reddit,Remote - Germany,0.231,2026-07-14,https://job-boards.greenhouse.io/reddit/jobs/8062298
U.S Immigration Manager,uber,"New York, New York, United States; Chicago, Cook, United States; Seattle, King, United States; San Francisco, San Francisco, United States",0.2299,2026-07-14,https://www.uber.com/global/en/careers/list/300923/
Revenue Growth & Strategy Partner,reddit,Remote - The Netherlands,0.2296,2026-07-14,https://job-boards.greenhouse.io/reddit/jobs/8062296
Connectivity Systems Engineer,apple,Various Locations within San Francisco Bay Area,0.2292,2026-07-14,https://jobs.apple.com/en-us/details/200672238-3401/connectivity-systems-engineer?team=HRDWR
"Camera Imaging Software Engineer, Camera & Photos",apple,,0.2276,2026-07-14,https://jobs.apple.com/en-us/details/200653138-0836/camera-imaging-software-engineer-camera-photos?team=SFTWR
"Project Manager, Supplier Carbon Solutions",apple,,0.2275,2026-07-14,https://jobs.apple.com/en-us/details/200672279-3956/project-manager-supplier-carbon-solutions?team=OPMFG
"Associate, Corporate Finance",uber,"San Francisco, San Francisco, United States",0.2258,2026-07-14,https://www.uber.com/global/en/careers/list/159742/
"Accountant, Financial Reporting (APAC, EMEA, LATAM)",netflix,"Manila,Philippines",0.2233,2026-07-14,https://explore.jobs.netflix.net/careers/job/790317044482
Executive Administrative Assistant,apple,,0.2229,2026-07-14,https://jobs.apple.com/en-us/details/200671434-0836/executive-administrative-assistant?team=CORSV
"Safeguards Enforcement Analyst, Account Takeover & Credential Abuse",anthropic,"San Francisco, CA",0.2208,2026-07-14,https://job-boards.greenhouse.io/anthropic/jobs/5319624008
Analista Pleno de Planejamento de Roteirização - Mercado Envios,mercadolibre,"Rio de Janeiro, RJ, BR",0.2182,2026-07-14,https://mercadolibre.eightfold.ai/careers/job/43071786
Ejecución Comercial de Campo para Terminal Punto de Venta - Fintech,mercadolibre,"Tuxtla,Mexico",0.2179,2026-07-14,https://mercadolibre.eightfold.ai/careers/job/40531107
Analista Sênior de Melhoria Contínua - Mercado Envios,mercadolibre,"Sudeste,Brazil; Guarulhos, SP, Brasil",0.2171,2026-07-14,https://mercadolibre.eightfold.ai/careers/job/41903591
"Safeguards Enforcement Analyst, Access Controls & Identity",anthropic,"San Francisco, CA",0.2147,2026-07-14,https://job-boards.greenhouse.io/anthropic/jobs/5319626008
Cellular System Engineer,apple,,0.214,2026-07-14,https://jobs.apple.com/en-us/details/200623970-3543/cellular-system-engineer?team=HRDWR
Analista Senior de Licencias y Permisos para Finanzas,mercadolibre,"Distrito Federal,Mexico",0.2137,2026-07-14,https://mercadolibre.eightfold.ai/careers/job/43143227
Analista Pleno de Transportes - Mercado Envios,mercadolibre,"Sudeste,Brazil",0.213,2026-07-14,https://mercadolibre.eightfold.ai/careers/job/43116999
Ejecución Comercial de Campo para Terminal Punto de Venta - Fintech,mercadolibre,"Mérida,Mexico",0.2121,2026-07-14,https://mercadolibre.eightfold.ai/careers/job/38850448
Ads Product Marketing Manager,netflix,"New York,New York,United States of America; Los Angeles,California,United States of America; Los Gatos,California,United States of America",0.2116,2026-07-14,https://explore.jobs.netflix.net/careers/job/790317110266
Assistente de Planejamento Logístico - Mercado Envios - Afirmativa para Pessoas com Deficiência,mercadolibre,"Sudeste,Brazil; Osasco, SP, BR",0.2114,2026-07-14,https://mercadolibre.eightfold.ai/careers/job/41857631
Assistente de Planejamento Logístico - Mercado Envios - Afirmativa para Pessoas com Deficiência,mercadolibre,"Sudeste,Brazil; Osasco, SP, BR",0.2114,2026-07-14,https://mercadolibre.eightfold.ai/careers/job/41857832
Sr Software Engineer,mercadolibre,"Montevideo,Uruguay",0.2102,2026-07-14,https://mercadolibre.eightfold.ai/careers/job/43031073
Pessoa Executiva de Vendas Externas Mercado Pago - Sinop MT,mercadolibre,"Norte,Brazil",0.2092,2026-07-14,https://mercadolibre.eightfold.ai/careers/job/43138942
Corporate Specialist,mercadolibre,"Buenos Aires,Argentina",0.2075,2026-07-14,https://mercadolibre.eightfold.ai/careers/job/42810428
"Senior Client Partner, Mid-Market (Services)",reddit,"Los Angeles, CA",0.2069,2026-07-14,https://job-boards.greenhouse.io/reddit/jobs/7875300
Supervisor de Prevenção a Perdas - Mercado Envios,mercadolibre,"Sudeste,Brazil; Zona Oeste São Paulo; Porto Feliz, SP, Brasil; Sorocaba, SP, Brasil; Cotia, SP, BR",0.2066,2026-07-14,https://mercadolibre.eightfold.ai/careers/job/42040272
US-Technical Expert,apple,,0.2063,2026-07-14,https://jobs.apple.com/en-us/details/200672356-3099/us-technical-expert?team=APPST
Ejecución Comercial de Campo para Terminal Punto de Venta - Fintech,mercadolibre,"Villahermosa,Mexico",0.2058,2026-07-14,https://mercadolibre.eightfold.ai/careers/job/40530733
Pessoa Executiva de Vendas Externas Mercado Pago - Mossoró RN,mercadolibre,"Norte,Brazil",0.2044,2026-07-14,https://mercadolibre.eightfold.ai/careers/job/43138719
"Member of Product Staff, Ads",meta,"Menlo Park, CA",0.204,2026-07-14,https://www.metacareers.com/profile/job_details/1686486585737139
"UI Frameworks Engineer, macOS",apple,,0.203,2026-07-14,https://jobs.apple.com/en-us/details/200672385-0836/ui-frameworks-engineer-macos?team=SFTWR
Ejecución Comercial de Campo para Terminal Punto de Venta - Fintech,mercadolibre,"Cancún,Mexico",0.2026,2026-07-14,https://mercadolibre.eightfold.ai/careers/job/38850491
"Account Representative, UberEats SMB, Seattle",uber,"Seattle, King, United States",0.2008,2026-07-14,https://www.uber.com/global/en/careers/list/159615/
Research Acoustic Systems Engineer,meta,"Redmond, WA",0.2006,2026-07-14,https://www.metacareers.com/profile/job_details/1334174715371263
US-Manager,apple,,0.1998,2026-07-14,https://jobs.apple.com/en-us/details/200671586-3232/us-manager?team=APPST
US-Manager,apple,,0.1998,2026-07-14,https://jobs.apple.com/en-us/details/200671564-3267/us-manager?team=APPST
US-Manager,apple,,0.1998,2026-07-14,https://jobs.apple.com/en-us/details/200671555-2673/us-manager?team=APPST
US-Manager,apple,,0.1998,2026-07-14,https://jobs.apple.com/en-us/details/200671814-2653/us-manager?team=APPST
US-Manager,apple,,0.1998,2026-07-14,https://jobs.apple.com/en-us/details/200671815-2998/us-manager?team=APPST
Expert em Tesouraria Corporativa,mercadolibre,"Brasil,Brazil",0.1978,2026-07-14,https://mercadolibre.eightfold.ai/careers/job/42991519
Brand Media Lead,airbnb,United States,0.1951,2026-07-14,https://careers.airbnb.com/positions/8052721/
"Network Production Engineering, Infrastructure",meta,"Menlo Park, CA",0.1934,2026-07-14,https://www.metacareers.com/profile/job_details/2795485777493552
"Video Account Executive - Uber Advertising, Restaurants",uber,"New York, New York, United States; Chicago, Cook, United States",0.1917,2026-07-14,https://www.uber.com/global/en/careers/list/301713/
"Safeguards Enforcement Analyst, Ban Evasion & Recidivism",anthropic,"San Francisco, CA",0.1912,2026-07-14,https://job-boards.greenhouse.io/anthropic/jobs/5319592008
US-Expert,apple,,0.1907,2026-07-14,https://jobs.apple.com/en-us/details/200672407-2213/us-expert?team=APPST
Cellular Modem Systems Engineering Program Manager,apple,,0.1897,2026-07-14,https://jobs.apple.com/en-us/details/200672287-0836/cellular-modem-systems-engineering-program-manager?team=HRDWR
Hardware Systems Signal Integrity Engineer - iPhone,apple,,0.1859,2026-07-14,https://jobs.apple.com/en-us/details/200672323-0836/hardware-systems-signal-integrity-engineer-iphone?team=HRDWR
Caffe Macs Sr. Line Cook,apple,,0.1831,2026-07-14,https://jobs.apple.com/en-us/details/200670738-0836/caffe-macs-sr-line-cook?team=CORSV
Camera Embedded Software Engineer,apple,,0.18,2026-07-14,https://jobs.apple.com/en-us/details/200672367-0836/camera-embedded-software-engineer?team=HRDWR
Pessoa Executiva de Vendas Externas Mercado Pago - Campina Grande PB,mercadolibre,"Nordeste,Brazil",0.1761,2026-07-14,https://mercadolibre.eightfold.ai/careers/job/43138494
Ejecución Comercial de Campo para Terminal Punto de Venta - Fintech,mercadolibre,"Xalapa,Mexico",0.1761,2026-07-14,https://mercadolibre.eightfold.ai/careers/job/40531128
Supervisão de Operação Logística - Mercado Envios,mercadolibre,"Sudeste,Brazil; São JOSÉ Do Rio Preto, SP, BR",0.1732,2026-07-14,https://mercadolibre.eightfold.ai/careers/job/43071949
"Acoustics Engineering Project Manager, Microphone",apple,,0.1719,2026-07-14,https://jobs.apple.com/en-us/details/200672410-0836/acoustics-engineering-project-manager-microphone?team=HRDWR
"Content Strategy & Planning Lead, Greenlights & Slate Management",apple,,0.1691,2026-07-14,https://jobs.apple.com/en-us/details/200658655-0670/content-strategy-planning-lead-greenlights-slate-management?team=CORSV
Supervisão de Operação Logística - Mercado Envios,mercadolibre,"Sudeste,Brazil",0.1663,2026-07-14,https://mercadolibre.eightfold.ai/careers/job/43071630
US-Genius,apple,,0.166,2026-07-14,https://jobs.apple.com/en-us/details/200672370-2413/us-genius?team=APPST
US-Genius,apple,,0.166,2026-07-14,https://jobs.apple.com/en-us/details/200672343-2939/us-genius?team=APPST
Supervisão de Transportes - Mercado Envios,mercadolibre,"Sudeste,Brazil; Cajamar, SP, BR; Guarulhos, SP, BR; Osasco, SP, BR; São Paulo, SP, BR; Barueri, SP, BR",0.165,2026-07-14,https://mercadolibre.eightfold.ai/careers/job/43117919
Plant Engineering UTR Brazil Supervisor,mercadolibre,"Sudeste,Brazil",0.1637,2026-07-14,https://mercadolibre.eightfold.ai/careers/job/43123899
Ejecución Comercial de Campo para Terminal Punto de Venta - Fintech,mercadolibre,"Veracruz,Mexico",0.1634,2026-07-14,https://mercadolibre.eightfold.ai/careers/job/40530887
Ejecución Comercial de Campo para Terminal Punto de Venta - Fintech,mercadolibre,"Distrito Federal,Mexico",0.1618,2026-07-14,https://mercadolibre.eightfold.ai/careers/job/43126585
Analista Senior en Optimización de Transporte H&B (Grandes Volúmenes) - Mercado Envíos,mercadolibre,"Distrito Federal,Mexico",0.1616,2026-07-14,https://mercadolibre.eightfold.ai/careers/job/42812005
"Account Executive, Uber Eats Dallas",uber,"Dallas, Dallas, United States",0.1557,2026-07-14,https://www.uber.com/global/en/careers/list/301445/
US-Lead,apple,,0.1532,2026-07-14,https://jobs.apple.com/en-us/details/200671618-2166/us-lead?team=APPST
US-Lead,apple,,0.1532,2026-07-14,https://jobs.apple.com/en-us/details/200671861-2571/us-lead?team=APPST
Analista Senior de Ingeniería de Diseño- Mercado envíos,mercadolibre,"Distrito Federal,Mexico",0.1523,2026-07-14,https://mercadolibre.eightfold.ai/careers/job/43071097
Especialista en Optimización de Transporte H&B (Grandes Volúmenes) - Mercado Envíos,mercadolibre,"Distrito Federal,Mexico",0.1488,2026-07-14,https://mercadolibre.eightfold.ai/careers/job/42811954
Team Leader - RC03 - Embu das Artes,mercadolibre,"Sudeste,Brazil",0.1486,2026-07-14,https://mercadolibre.eightfold.ai/careers/job/41838318
Analista Pleno de Planejamento Operacional - Mercado Envios,mercadolibre,"Sudeste,Brazil",0.1445,2026-07-14,https://mercadolibre.eightfold.ai/careers/job/43011761
Analista Sênior de Treinamento - Mercado Envios,mercadolibre,"Sudeste,Brazil",0.1405,2026-07-14,https://mercadolibre.eightfold.ai/careers/job/43113186
Internal Audit Manager,meta,"New York, NY",0.1402,2026-07-14,https://www.metacareers.com/profile/job_details/2116746965854246
Especialista em Departamento Pessoal,mercadolibre,"Sudeste,Brazil",0.1393,2026-07-14,https://mercadolibre.eightfold.ai/careers/job/42870239
Health Sensing HW – Module Lead,apple,Various Locations within San Francisco Bay Area,0.136,2026-07-14,https://jobs.apple.com/en-us/details/200672275-3401/health-sensing-hw-module-lead?team=HRDWR
Analista Sênior de Manutenção - Mercado Envios,mercadolibre,"Sudeste,Brazil",0.1339,2026-07-14,https://mercadolibre.eightfold.ai/careers/job/43065016
RF Requirements and Standards Engineer,apple,Various Locations within San Francisco Bay Area,0.1293,2026-07-14,https://jobs.apple.com/en-us/details/200645051-3401/rf-requirements-and-standards-engineer?team=HRDWR
RF Requirements and Standards Engineer,apple,Various Locations within San Francisco Bay Area,0.1293,2026-07-14,https://jobs.apple.com/en-us/details/200660063-3401/rf-requirements-and-standards-engineer?team=HRDWR
"Country Manager, Uber for Business, South Cone",uber,"Santiago, Chile",0.1242,2026-07-14,https://www.uber.com/global/en/careers/list/160129/
DDR Mixed-Signal Circuit Design Engineer,apple,,0.1207,2026-07-14,https://jobs.apple.com/en-us/details/200672297-3543/ddr-mixed-signal-circuit-design-engineer?team=HRDWR
Ejecución Comercial de Campo para Terminal Punto de Venta - Fintech,mercadolibre,"Oaxaca,Mexico",0.1205,2026-07-14,https://mercadolibre.eightfold.ai/careers/job/40530942
Team Leader - RC01 - Perus,mercadolibre,"Sudeste,Brazil",0.1167,2026-07-14,https://mercadolibre.eightfold.ai/careers/job/42065548
Especialista Tax Transformation,mercadolibre,"Buenos Aires,Argentina",0.1041,2026-07-14,https://mercadolibre.eightfold.ai/careers/job/41974745
Especialista en Riesgo de Crédito de Contraparte,mercadolibre,"Buenos Aires,Argentina",0.0991,2026-07-14,https://mercadolibre.eightfold.ai/careers/job/39635357
