title,team,location,posted_date,job_id,source,first_seen_date,last_seen_date,semantic_similarity,url
"US - Specialist: Seasonal, Part-time",Apple Retail,Various Locations within United States,2026-06-08,114438158,apple,2026-05-29,2026-06-08,0.2391,https://jobs.apple.com/en-us/details/114438158/us-specialist-seasonal-part-time?team=APPST
"Associate Creative Director, Design",Marketing,,2026-06-08,200663704,apple,2026-06-08,2026-06-08,0.2667,https://jobs.apple.com/en-us/details/200663704-0670/associate-creative-director-design?team=MKTG
WPC Partner Ops Support & Optimization,Software and Services,,2026-06-08,200666600,apple,2026-06-03,2026-06-08,0.1877,https://jobs.apple.com/en-us/details/200666600-0157/wpc-partner-ops-support-optimization?team=SFTWR
Retail Customer Care (RCC) Supervisor,Corporate Functions,,2026-06-06,200666995,apple,2026-06-05,2026-06-08,0.26,https://jobs.apple.com/en-us/details/200666995-0157/retail-customer-care-rcc-supervisor?team=CORSV
US-Manager,Apple Retail,,2026-06-06,200656810,apple,2026-06-05,2026-06-08,0.1996,https://jobs.apple.com/en-us/details/200656810-3061/us-manager?team=APPST
"Data Scientist, Apple Pay Marketing (Machine Learning Research)",Machine Learning and AI,,2026-06-06,200665533,apple,2026-06-05,2026-06-08,0.4103,https://jobs.apple.com/en-us/details/200665533-0836/data-scientist-apple-pay-marketing-machine-learning-research?team=MLAI
"Senior Machine Learning Engineer, Wallet, Payment & Commerce",Software and Services,,2026-06-06,200667108,apple,2026-06-05,2026-06-08,0.3946,https://jobs.apple.com/en-us/details/200667108-0157/senior-machine-learning-engineer-wallet-payment-commerce?team=SFTWR
Detection and Response Software Engineer |,Software and Services,,2026-06-06,200655126,apple,2026-06-05,2026-06-08,0.313,https://jobs.apple.com/en-us/details/200655126-3337/detection-and-response-software-engineer?team=SFTWR
"Hardware Engineering Program Manager, iPad and Input Devices",Hardware,,2026-06-06,200667057,apple,2026-06-05,2026-06-08,0.2064,https://jobs.apple.com/en-us/details/200667057-0836/hardware-engineering-program-manager-ipad-and-input-devices?team=HRDWR
iPhone Product Design (PD) Budget Engineering Program Manager,Hardware,,2026-06-06,200667052,apple,2026-06-05,2026-06-08,0.1874,https://jobs.apple.com/en-us/details/200667052-0836/iphone-product-design-pd-budget-engineering-program-manager?team=HRDWR
Sr. Software Development Engineer (Applied ML),Hardware,,2026-06-06,200667082,apple,2026-06-05,2026-06-08,0.3577,https://jobs.apple.com/en-us/details/200667082-3956/sr-software-development-engineer-applied-ml?team=HRDWR
ML Video Codec Algorithm Engineer,Hardware,,2026-06-06,200652180,apple,2026-06-06,2026-06-08,0.2388,https://jobs.apple.com/en-us/details/200652180-0836/ml-video-codec-algorithm-engineer?team=HRDWR
WW RCC Data Scientist,Corporate Functions,,2026-06-05,200665575,apple,2026-06-05,2026-06-08,0.2966,https://jobs.apple.com/en-us/details/200665575-0836/ww-rcc-data-scientist?team=CORSV
Strategic Operations Program Manager,Operations and Supply Chain,,2026-06-05,200616465,apple,2026-06-05,2026-06-08,0.2456,https://jobs.apple.com/en-us/details/200616465-0157/strategic-operations-program-manager?team=OPMFG
Image Scientist - Camera Simulation,Hardware,Various Locations within San Francisco Bay Area,2026-06-05,200666900,apple,2026-06-05,2026-06-08,0.1988,https://jobs.apple.com/en-us/details/200666900-3401/image-scientist-camera-simulation?team=HRDWR
Custom Silicon Applications Engineer - Camera Hardware,Hardware,,2026-06-05,200666897,apple,2026-06-05,2026-06-08,0.1407,https://jobs.apple.com/en-us/details/200666897-0836/custom-silicon-applications-engineer-camera-hardware?team=HRDWR
"Business Manager, Product Marketing",Corporate Functions,,2026-06-05,200665339,apple,2026-06-05,2026-06-08,0.2718,https://jobs.apple.com/en-us/details/200665339-0836/business-manager-product-marketing?team=CORSV
Communications Operations Strategist,Marketing,,2026-06-05,200664841,apple,2026-05-29,2026-06-08,0.2545,https://jobs.apple.com/en-us/details/200664841-0836/communications-operations-strategist?team=MKTG
Image Quality Validation Engineer - Camera Hardware,Hardware,,2026-06-05,200666885,apple,2026-06-05,2026-06-08,0.0939,https://jobs.apple.com/en-us/details/200666885-0836/image-quality-validation-engineer-camera-hardware?team=HRDWR
Camera Architect,Hardware,,2026-06-05,200666879,apple,2026-06-05,2026-06-08,0.1499,https://jobs.apple.com/en-us/details/200666879-3956/camera-architect?team=HRDWR
Camera System Integration Engineer,Hardware,,2026-06-05,200666846,apple,2026-06-05,2026-06-08,0.1646,https://jobs.apple.com/en-us/details/200666846-3543/camera-system-integration-engineer?team=HRDWR
Position Sensing Systems Engineer,Hardware,,2026-06-05,200665370,apple,2026-06-05,2026-06-08,0.3265,https://jobs.apple.com/en-us/details/200665370-3543/position-sensing-systems-engineer?team=HRDWR
Software Engineer - Regulatory AI & Connected Data,Software and Services,,2026-06-05,200666913,apple,2026-06-04,2026-06-08,0.399,https://jobs.apple.com/en-us/details/200666913-0836/software-engineer-regulatory-ai-connected-data?team=SFTWR
"iOS Engineer, Visual Productivity",Software and Services,,2026-06-05,200663978,apple,2026-06-05,2026-06-08,0.2704,https://jobs.apple.com/en-us/details/200663978-0836/ios-engineer-visual-productivity?team=SFTWR
"Community Specialist, Channel Retail",Sales and Business Development,,2026-06-05,200648996,apple,2026-06-05,2026-06-08,0.2855,https://jobs.apple.com/en-us/details/200648996-0551/community-specialist-channel-retail?team=SLDEV
US-Lead,Apple Retail,,2026-06-05,200663312,apple,2026-06-05,2026-06-08,0.1474,https://jobs.apple.com/en-us/details/200663312-2283/us-lead?team=APPST
US-Operations Specialist,Apple Retail,,2026-06-05,200666969,apple,2026-06-05,2026-06-08,0.2133,https://jobs.apple.com/en-us/details/200666969-2371/us-operations-specialist?team=APPST
Revenue Accountant - Global Services & Commerce,Corporate Functions,,2026-06-05,200655499,apple,2026-06-05,2026-06-08,0.2488,https://jobs.apple.com/en-us/details/200655499-0157/revenue-accountant-global-services-commerce?team=CORSV
Opaque Touch Hardware - Sensing Design & Integration Engineer,Hardware,,2026-06-05,200666849,apple,2026-06-05,2026-06-08,0.1396,https://jobs.apple.com/en-us/details/200666849-0836/opaque-touch-hardware-sensing-design-integration-engineer?team=HRDWR
Environmental Compliance Engineer,Hardware,,2026-06-05,200666902,apple,2026-06-04,2026-06-08,0.246,https://jobs.apple.com/en-us/details/200666902-0836/environmental-compliance-engineer?team=HRDWR
System Experience - Notifications and Focus Engineer,Software and Services,,2026-06-05,200661462,apple,2026-06-04,2026-06-08,0.2724,https://jobs.apple.com/en-us/details/200661462-0836/system-experience-notifications-and-focus-engineer?team=SFTWR
"Senior Data Scientist, Experimentation & Causal Inference",Machine Learning and AI,,2026-06-05,200666485,apple,2026-06-04,2026-06-08,0.3475,https://jobs.apple.com/en-us/details/200666485-0836/senior-data-scientist-experimentation-causal-inference?team=MLAI
"Senior Data Scientist, Strategic Modeling & Simulation",Machine Learning and AI,,2026-06-05,200666451,apple,2026-06-04,2026-06-08,0.407,https://jobs.apple.com/en-us/details/200666451-0836/senior-data-scientist-strategic-modeling-simulation?team=MLAI
"WW Retail Commercial Manager, Retail Segments",Corporate Functions,,2026-06-05,200666921,apple,2026-06-04,2026-06-08,0.2415,https://jobs.apple.com/en-us/details/200666921-0157/ww-retail-commercial-manager-retail-segments?team=CORSV
Systems Quality Robotics Automation Engineer,Hardware,,2026-06-05,200648505,apple,2026-06-05,2026-06-08,0.2395,https://jobs.apple.com/en-us/details/200648505-0836/systems-quality-robotics-automation-engineer?team=HRDWR
Camera Architect,Hardware,,2026-06-05,200666890,apple,2026-06-05,2026-06-08,0.1499,https://jobs.apple.com/en-us/details/200666890-3956/camera-architect?team=HRDWR
Cloud Database Engineer - Apple Ads,Software and Services,,2026-06-05,200666675,apple,2026-06-05,2026-06-08,0.4269,https://jobs.apple.com/en-us/details/200666675-0157/cloud-database-engineer-apple-ads?team=SFTWR
Machine Learning Video Engineer,Hardware,,2026-06-05,200618357,apple,2026-06-05,2026-06-08,0.3166,https://jobs.apple.com/en-us/details/200618357-0836/machine-learning-video-engineer?team=HRDWR
Data Engineer,Hardware,,2026-06-05,200666679,apple,2026-06-05,2026-06-08,0.3405,https://jobs.apple.com/en-us/details/200666679-0836/data-engineer?team=HRDWR
"Software Engineer (Framework Solutions), AI & Data Platforms (AiDP)",Software and Services,,2026-06-05,200667030,apple,2026-06-05,2026-06-08,0.4148,https://jobs.apple.com/en-us/details/200667030-0157/software-engineer-framework-solutions-ai-data-platforms-aidp?team=SFTWR
"Data Platform SRE, AI & Data Platforms (AiDP)",Software and Services,,2026-06-05,200667035,apple,2026-06-05,2026-06-08,0.3275,https://jobs.apple.com/en-us/details/200667035-0157/data-platform-sre-ai-data-platforms-aidp?team=SFTWR
"Software Engineer (AML), AI & Data Platforms (AiDP)",Software and Services,,2026-06-05,200667037,apple,2026-06-05,2026-06-08,0.403,https://jobs.apple.com/en-us/details/200667037-0157/software-engineer-aml-ai-data-platforms-aidp?team=SFTWR
"Software Engineer (Data Solutions), AI & Data Platforms (AiDP)",Software and Services,,2026-06-05,200667022,apple,2026-06-05,2026-06-08,0.44,https://jobs.apple.com/en-us/details/200667022-0157/software-engineer-data-solutions-ai-data-platforms-aidp?team=SFTWR
"AIML - ML Researcher, Responsible AI",Machine Learning and AI,,2026-06-05,200667081,apple,2026-06-05,2026-06-08,0.3117,https://jobs.apple.com/en-us/details/200667081-0836/aiml-ml-researcher-responsible-ai?team=MLAI
Senior Software Engineer,Software and Services,,2026-06-05,200654516,apple,2026-06-05,2026-06-08,0.2829,https://jobs.apple.com/en-us/details/200654516-3337/senior-software-engineer?team=SFTWR
iOS Software Engineer (MSO),Software and Services,,2026-06-05,200665666,apple,2026-06-05,2026-06-08,0.2817,https://jobs.apple.com/en-us/details/200665666-0836/ios-software-engineer-mso?team=SFTWR
"Director of Engineering, AiDP Data Services",Machine Learning and AI,,2026-06-05,200667043,apple,2026-06-05,2026-06-08,0.3934,https://jobs.apple.com/en-us/details/200667043-3956/director-of-engineering-aidp-data-services?team=MLAI
"Graphics Architect, Platform Architecture",Hardware,,2026-06-05,200667058,apple,2026-06-05,2026-06-08,0.1964,https://jobs.apple.com/en-us/details/200667058-0157/graphics-architect-platform-architecture?team=HRDWR
Technical Enablement Engineer,Software and Services,,2026-06-05,200666578,apple,2026-06-05,2026-06-08,0.3337,https://jobs.apple.com/en-us/details/200666578-0836/technical-enablement-engineer?team=SFTWR
Kitchen/Caffe Equipment Maintenance Technician,Corporate Functions,,2026-06-05,200651536,apple,2026-06-05,2026-06-08,0.2374,https://jobs.apple.com/en-us/details/200651536-0157/kitchen-caffe-equipment-maintenance-technician?team=CORSV
"Engineering Project Manager, Video Apps",Software and Services,,2026-06-05,200666987,apple,2026-06-05,2026-06-08,0.2604,https://jobs.apple.com/en-us/details/200666987-0157/engineering-project-manager-video-apps?team=SFTWR
HID Interaction Algorithm Engineer,Hardware,,2026-06-05,200660259,apple,2026-06-05,2026-06-08,0.0909,https://jobs.apple.com/en-us/details/200660259-3956/hid-interaction-algorithm-engineer?team=HRDWR
"SRE Manager, ML Operations - Apple Ads",Software and Services,,2026-06-05,200667013,apple,2026-06-05,2026-06-08,0.292,https://jobs.apple.com/en-us/details/200667013-2459/sre-manager-ml-operations-apple-ads?team=SFTWR
"Senior Operations Engineer, Retail Store Operations & Support - Retail & Marcom Engineering",Corporate Functions,,2026-06-05,200666650,apple,2026-06-05,2026-06-08,0.3179,https://jobs.apple.com/en-us/details/200666650-0157/senior-operations-engineer-retail-store-operations-support-retail-marcom-engineering?team=CORSV
US-Manager,Apple Retail,,2026-06-05,200666971,apple,2026-06-05,2026-06-08,0.1949,https://jobs.apple.com/en-us/details/200666971-2867/us-manager?team=APPST
"Senior Machine Learning Research Engineer, NLP,  Input Experience",Machine Learning and AI,,2026-06-05,200651071,apple,2026-05-29,2026-06-08,0.4293,https://jobs.apple.com/en-us/details/200651071-0836/senior-machine-learning-research-engineer-nlp-input-experience?team=MLAI
US-Manager,Apple Retail,,2026-06-05,200666974,apple,2026-06-05,2026-06-08,0.1949,https://jobs.apple.com/en-us/details/200666974-2497/us-manager?team=APPST
"Mechanical Design Engineer, AppleCare Engineering - Hardware Tool & Packaging Design",Hardware,Various Locations within San Francisco Bay Area,2026-06-05,200665693,apple,2026-06-05,2026-06-08,0.2707,https://jobs.apple.com/en-us/details/200665693-3401/mechanical-design-engineer-applecare-engineering-hardware-tool-packaging-design?team=HRDWR
Apple Ads - Program Operations Specialist,Marketing,,2026-06-05,200667054,apple,2026-06-05,2026-06-08,0.2778,https://jobs.apple.com/en-us/details/200667054-0670/apple-ads-program-operations-specialist?team=MKTG
Materials Engineer,Hardware,,2026-06-05,200666944,apple,2026-06-05,2026-06-05,0.2987,https://jobs.apple.com/en-us/details/200666944-0836/materials-engineer?team=HRDWR
Program Manager - SWE Infrastructure,Software and Services,,2026-06-04,200666799,apple,2026-06-04,2026-06-08,0.221,https://jobs.apple.com/en-us/details/200666799-0836/program-manager-swe-infrastructure?team=SFTWR
"Engineering Program Manager, Demo Production Engineering",Corporate Functions,,2026-06-04,200666715,apple,2026-06-04,2026-06-08,0.2514,https://jobs.apple.com/en-us/details/200666715-3956/engineering-program-manager-demo-production-engineering?team=CORSV
"Engineering Project Manager, Cross-Functional Programs",Software and Services,,2026-06-04,200666693,apple,2026-06-04,2026-06-08,0.2982,https://jobs.apple.com/en-us/details/200666693-0836/engineering-project-manager-cross-functional-programs?team=SFTWR
"Machine Learning Research Engineer , Text Generation, Input Experience",Machine Learning and AI,,2026-06-04,200666539,apple,2026-06-04,2026-06-08,0.3814,https://jobs.apple.com/en-us/details/200666539-3337/machine-learning-research-engineer-text-generation-input-experience?team=MLAI
Software Engineer in Natural Language Processing (NLP) and Machine Learning (ML),Machine Learning and AI,,2026-06-04,200666537,apple,2026-06-04,2026-06-08,0.4659,https://jobs.apple.com/en-us/details/200666537-0836/software-engineer-in-natural-language-processing-nlp-and-machine-learning-ml?team=MLAI
Machine Learning Engineer - Visual Intelligence,Software and Services,,2026-06-04,200666805,apple,2026-06-04,2026-06-08,0.3963,https://jobs.apple.com/en-us/details/200666805-3337/machine-learning-engineer-visual-intelligence?team=SFTWR
"Sr Machine Learning Engineer, Proactive",Machine Learning and AI,,2026-06-04,200661999,apple,2026-06-04,2026-06-08,0.3343,https://jobs.apple.com/en-us/details/200661999-3760/sr-machine-learning-engineer-proactive?team=MLAI
"Operations Critical Facilities Supervisor, Data Center",Corporate Functions,,2026-06-04,200666845,apple,2026-06-04,2026-06-08,0.3193,https://jobs.apple.com/en-us/details/200666845-6709/operations-critical-facilities-supervisor-data-center?team=CORSV
"Software Engineer, Apps",Software and Services,,2026-06-04,200661273,apple,2026-06-04,2026-06-08,0.3184,https://jobs.apple.com/en-us/details/200661273-2926/software-engineer-apps?team=SFTWR
"SDS Fraud Investigator, Apple Store Online",Support and Service,,2026-06-04,200666458,apple,2026-06-04,2026-06-08,0.1512,https://jobs.apple.com/en-us/details/200666458-0157/sds-fraud-investigator-apple-store-online?team=CUST
"Sr. Engineering Project Manager, Build and Release",Software and Services,,2026-06-04,200666811,apple,2026-06-04,2026-06-08,0.2298,https://jobs.apple.com/en-us/details/200666811-0157/sr-engineering-project-manager-build-and-release?team=SFTWR
Sr. CI Tooling & Infrastructure Engineer - Xcode,Software and Services,,2026-06-04,200666807,apple,2026-06-04,2026-06-08,0.325,https://jobs.apple.com/en-us/details/200666807-3543/sr-ci-tooling-infrastructure-engineer-xcode?team=SFTWR
Automation Engineer,Hardware,Various Locations within San Francisco Bay Area,2026-06-04,200666875,apple,2026-06-04,2026-06-08,0.2816,https://jobs.apple.com/en-us/details/200666875-3401/automation-engineer?team=HRDWR
Substrate Technologist,Hardware,Various Locations within San Francisco Bay Area,2026-06-04,200666852,apple,2026-06-04,2026-06-08,0.1906,https://jobs.apple.com/en-us/details/200666852-3401/substrate-technologist?team=HRDWR
Software/Firmware Engineering Program Manager - Beats,Hardware,,2026-06-04,200666851,apple,2026-06-04,2026-06-08,0.1694,https://jobs.apple.com/en-us/details/200666851-0836/software-firmware-engineering-program-manager-beats?team=HRDWR
"Bluetooth Firmware Engineer, Wireless Technologies & Ecosystems",Software and Services,,2026-06-04,200666184,apple,2026-06-04,2026-06-08,0.2058,https://jobs.apple.com/en-us/details/200666184-3543/bluetooth-firmware-engineer-wireless-technologies-ecosystems?team=SFTWR
"Senior Machine Learning Engineer, AI, SIML",Machine Learning and AI,,2026-06-04,200651112,apple,2026-06-04,2026-06-08,0.3835,https://jobs.apple.com/en-us/details/200651112-0836/senior-machine-learning-engineer-ai-siml?team=MLAI
SoC Security Engineer - Platform Architecture,Hardware,,2026-06-04,200666867,apple,2026-06-04,2026-06-08,0.1758,https://jobs.apple.com/en-us/details/200666867-0836/soc-security-engineer-platform-architecture?team=HRDWR
System Quality Manager - Vision Pro and Home,Hardware,,2026-06-04,200666303,apple,2026-06-04,2026-06-08,0.1495,https://jobs.apple.com/en-us/details/200666303-0365/system-quality-manager-vision-pro-and-home?team=HRDWR
"Build & Integration Engineering Manager, Software Delivery & Technologies",Software and Services,,2026-06-04,200666260,apple,2026-06-04,2026-06-08,0.341,https://jobs.apple.com/en-us/details/200666260-3543/build-integration-engineering-manager-software-delivery-technologies?team=SFTWR
US-Manager,Apple Retail,,2026-06-04,200666868,apple,2026-06-04,2026-06-08,0.1928,https://jobs.apple.com/en-us/details/200666868-2468/us-manager?team=APPST
"Sr. Software Engineer, Core Location, Sensing & Connectivity",Software and Services,,2026-06-04,200630136,apple,2026-06-04,2026-06-08,0.3745,https://jobs.apple.com/en-us/details/200630136-0836/sr-software-engineer-core-location-sensing-connectivity?team=SFTWR
"Senior QA Automation Architect, Apple Store Online",Corporate Functions,,2026-06-04,200666777,apple,2026-06-04,2026-06-08,0.2817,https://jobs.apple.com/en-us/details/200666777-0157/senior-qa-automation-architect-apple-store-online?team=CORSV
Secure Systems Engineer - Platform Architecture,Hardware,,2026-06-04,200666637,apple,2026-06-04,2026-06-08,0.2094,https://jobs.apple.com/en-us/details/200666637-0836/secure-systems-engineer-platform-architecture?team=HRDWR
"Program Manager, Finance Transformation - Data Strategy",Corporate Functions,,2026-06-04,200665957,apple,2026-06-04,2026-06-08,0.2847,https://jobs.apple.com/en-us/details/200665957-0157/program-manager-finance-transformation-data-strategy?team=CORSV
"Data & Analytics Engineer, AiDP",Corporate Functions,,2026-06-04,200660032,apple,2026-06-04,2026-06-07,0.4163,https://jobs.apple.com/en-us/details/200660032-0157/data-analytics-engineer-aidp?team=CORSV
"System Engineering Program Manager, Apple Watch",Hardware,,2026-06-04,200636136,apple,2026-06-04,2026-06-07,0.2359,https://jobs.apple.com/en-us/details/200636136-0836/system-engineering-program-manager-apple-watch?team=HRDWR
"Site Reliability Engineering Manager, eBusiness Services",Software and Services,,2026-06-04,200648315,apple,2026-06-04,2026-06-06,0.2769,https://jobs.apple.com/en-us/details/200648315-3956/site-reliability-engineering-manager-ebusiness-services?team=SFTWR
"Manager, QA Automation, Apple Store Online",Corporate Functions,,2026-06-04,200666779,apple,2026-06-04,2026-06-05,0.3259,https://jobs.apple.com/en-us/details/200666779-0157/manager-qa-automation-apple-store-online?team=CORSV
US-Manager,Apple Retail,,2026-06-04,200661352,apple,2026-06-04,2026-06-05,0.2981,https://jobs.apple.com/en-us/details/200661352-2504/us-manager?team=APPST
"QA Automation Engineer, Apple Store Online",Corporate Functions,,2026-06-04,200666778,apple,2026-06-04,2026-06-05,0.3478,https://jobs.apple.com/en-us/details/200666778-0157/qa-automation-engineer-apple-store-online?team=CORSV
Display Module Engineer,Hardware,,2026-06-04,200666638,apple,2026-06-03,2026-06-05,0.2399,https://jobs.apple.com/en-us/details/200666638-0836/display-module-engineer?team=HRDWR
"Software Engineer - AI Agents & Automation, Maps Data Tooling",Software and Services,,2026-06-04,200663946,apple,2026-06-04,2026-06-05,0.4101,https://jobs.apple.com/en-us/details/200663946-0836/software-engineer-ai-agents-automation-maps-data-tooling?team=SFTWR
"Retail Financial Analyst, People Retail",Corporate Functions,,2026-06-04,200665715,apple,2026-06-04,2026-06-05,0.3928,https://jobs.apple.com/en-us/details/200665715-0836/retail-financial-analyst-people-retail?team=CORSV
US-Manager,Apple Retail,,2026-06-04,200666386,apple,2026-06-04,2026-06-05,0.2981,https://jobs.apple.com/en-us/details/200666386-2427/us-manager?team=APPST
"Senior Software Engineer,  Software Developer Foundation",Software and Services,,2026-06-04,200666694,apple,2026-06-04,2026-06-05,0.3585,https://jobs.apple.com/en-us/details/200666694-0836/senior-software-engineer-software-developer-foundation?team=SFTWR
"Sr. Manager, Internal Tools & Operations, WW Marketplace Platforms & Technologies",Marketing,,2026-06-04,200665944,apple,2026-06-04,2026-06-05,0.3313,https://jobs.apple.com/en-us/details/200665944-0836/sr-manager-internal-tools-operations-ww-marketplace-platforms-technologies?team=MKTG
"Senior machine learning platform engineer, Evaluation & Privacy",Software and Services,,2026-06-04,200666705,apple,2026-06-04,2026-06-05,0.4303,https://jobs.apple.com/en-us/details/200666705-0836/senior-machine-learning-platform-engineer-evaluation-privacy?team=SFTWR
Worldwide Retail Visual Merchandiser,Corporate Functions,,2026-06-04,200649423,apple,2026-06-04,2026-06-05,0.3166,https://jobs.apple.com/en-us/details/200649423-0836/worldwide-retail-visual-merchandiser?team=CORSV
Merchandising Operations Planner,Corporate Functions,,2026-06-04,200666407,apple,2026-06-04,2026-06-05,0.3096,https://jobs.apple.com/en-us/details/200666407-0836/merchandising-operations-planner?team=CORSV
"Large Machine Learning Model Optimization Engineer, SIML",Software and Services,,2026-06-04,200626700,apple,2026-06-04,2026-06-05,0.4358,https://jobs.apple.com/en-us/details/200626700-3337/large-machine-learning-model-optimization-engineer-siml?team=SFTWR
"Firmware & Sensors Engineer, Home and Audio Devices",Hardware,Various Locations within San Francisco Bay Area,2026-06-04,200666695,apple,2026-06-04,2026-06-05,0.2825,https://jobs.apple.com/en-us/details/200666695-3401/firmware-sensors-engineer-home-and-audio-devices?team=HRDWR
US-Business Pro,Apple Retail,,2026-06-04,200664014,apple,2026-06-04,2026-06-05,0.2848,https://jobs.apple.com/en-us/details/200664014-2483/us-business-pro?team=APPST
Vision Pro Display Technology Engineer,Hardware,,2026-06-04,200666698,apple,2026-06-03,2026-06-05,0.2614,https://jobs.apple.com/en-us/details/200666698-3956/vision-pro-display-technology-engineer?team=HRDWR
US-Lead,Apple Retail,,2026-06-04,200638990,apple,2026-06-04,2026-06-05,0.2565,https://jobs.apple.com/en-us/details/200638990-2742/us-lead?team=APPST
New Production and Marketing Counsel,Corporate Functions,,2026-06-04,200665887,apple,2026-06-04,2026-06-05,0.3461,https://jobs.apple.com/en-us/details/200665887-0670/new-production-and-marketing-counsel?team=CORSV
Americas Logistics- Inventory Control Manager,Operations and Supply Chain,,2026-06-04,200664971,apple,2026-06-04,2026-06-05,0.2323,https://jobs.apple.com/en-us/details/200664971-0157/americas-logistics-inventory-control-manager?team=OPMFG
Commercial & Strategy Manager (CSM) Supply Chain - Mechanical Enclosures,Operations and Supply Chain,Various Locations within San Francisco Bay Area,2026-06-04,200666783,apple,2026-06-04,2026-06-05,0.3131,https://jobs.apple.com/en-us/details/200666783-3401/commercial-strategy-manager-csm-supply-chain-mechanical-enclosures?team=OPMFG
"Senior Software Engineer, Machine Learning Infrastructure and Quality",Software and Services,,2026-06-04,200663885,apple,2026-06-04,2026-06-05,0.3864,https://jobs.apple.com/en-us/details/200663885-3337/senior-software-engineer-machine-learning-infrastructure-and-quality?team=SFTWR
"Senior Product Manager, Retail 3D Merchandising",Corporate Functions,,2026-06-04,200666125,apple,2026-06-04,2026-06-05,0.3255,https://jobs.apple.com/en-us/details/200666125-0157/senior-product-manager-retail-3d-merchandising?team=CORSV
Hardware Technologies Technical Sourcer,Corporate Functions,,2026-06-04,200663415,apple,2026-06-04,2026-06-04,0.3023,https://jobs.apple.com/en-us/details/200663415-0157/hardware-technologies-technical-sourcer?team=CORSV
"Automation and Triage Engineer, Siri",Software and Services,,2026-06-03,200665456,apple,2026-06-03,2026-06-05,0.3406,https://jobs.apple.com/en-us/details/200665456-0836/automation-and-triage-engineer-siri?team=SFTWR
Cellular System Performance Characterization Engineer,Hardware,,2026-06-03,200666396,apple,2026-06-03,2026-06-05,0.2458,https://jobs.apple.com/en-us/details/200666396-3956/cellular-system-performance-characterization-engineer?team=HRDWR
"Software Engineer - Customer Systems, Information Systems & Technology (IS&T)",Software and Services,,2026-06-03,200663125,apple,2026-06-03,2026-06-05,0.4137,https://jobs.apple.com/en-us/details/200663125-3956/software-engineer-customer-systems-information-systems-technology-is-t?team=SFTWR
"Machine Learning Systems Engineer, Siri Agent Modeling",Software and Services,,2026-06-03,200620661,apple,2026-06-03,2026-06-05,0.3858,https://jobs.apple.com/en-us/details/200620661-0836/machine-learning-systems-engineer-siri-agent-modeling?team=SFTWR
AirPlay Engineering Investigations Lead,Software and Services,,2026-06-03,200660710,apple,2026-06-03,2026-06-05,0.1068,https://jobs.apple.com/en-us/details/200660710-3543/airplay-engineering-investigations-lead?team=SFTWR
Product Design Engineer - Apple Vision Pro,Hardware,,2026-06-03,200666674,apple,2026-06-03,2026-06-05,0.2932,https://jobs.apple.com/en-us/details/200666674-3543/product-design-engineer-apple-vision-pro?team=HRDWR
US-Operations Specialist,Apple Retail,,2026-06-03,200666655,apple,2026-06-03,2026-06-05,0.297,https://jobs.apple.com/en-us/details/200666655-0697/us-operations-specialist?team=APPST
"Community Specialist, Channel Retail",Sales and Business Development,,2026-06-03,200666624,apple,2026-06-03,2026-06-05,0.3363,https://jobs.apple.com/en-us/details/200666624-6246/community-specialist-channel-retail?team=SLDEV
Component Quality Engineer,Operations and Supply Chain,,2026-06-03,200665658,apple,2026-06-03,2026-06-05,0.2409,https://jobs.apple.com/en-us/details/200665658-0836/component-quality-engineer?team=OPMFG
"Software Engineer, Safari Extensions",Software and Services,,2026-06-03,200582815,apple,2026-06-03,2026-06-05,0.2505,https://jobs.apple.com/en-us/details/200582815-3543/software-engineer-safari-extensions?team=SFTWR
"PR Manager, Mac",Marketing,,2026-06-03,200665912,apple,2026-06-03,2026-06-05,0.3042,https://jobs.apple.com/en-us/details/200665912-0836/pr-manager-mac?team=MKTG
Systems Power Integrity Engineer - Apple Mac,Hardware,,2026-06-03,200666410,apple,2026-06-03,2026-06-05,0.2248,https://jobs.apple.com/en-us/details/200666410-0157/systems-power-integrity-engineer-apple-mac?team=HRDWR
"Community Specialist, Channel Retail",Sales and Business Development,,2026-06-03,200666627,apple,2026-06-03,2026-06-05,0.3363,https://jobs.apple.com/en-us/details/200666627-0959/community-specialist-channel-retail?team=SLDEV
Services Business Strategy Lead,Sales and Business Development,,2026-06-03,200666493,apple,2026-06-03,2026-06-05,0.3115,https://jobs.apple.com/en-us/details/200666493-0836/services-business-strategy-lead?team=SLDEV
Graphics (GPU) Architectural Modeling Engineer,Hardware,,2026-06-03,200657652,apple,2026-06-03,2026-06-05,0.3136,https://jobs.apple.com/en-us/details/200657652-0157/graphics-gpu-architectural-modeling-engineer?team=HRDWR
Cellular System Performance Characterization Engineer,Hardware,,2026-06-03,200666401,apple,2026-06-03,2026-06-05,0.2458,https://jobs.apple.com/en-us/details/200666401-3956/cellular-system-performance-characterization-engineer?team=HRDWR
Platform Engineer - Security (Platform Architecture),Hardware,,2026-06-03,200666621,apple,2026-06-03,2026-06-04,0.2571,https://jobs.apple.com/en-us/details/200666621-0157/platform-engineer-security-platform-architecture?team=HRDWR
Platform Architect - Security (Platform Architecture),Hardware,,2026-06-03,200666608,apple,2026-06-03,2026-06-04,0.2307,https://jobs.apple.com/en-us/details/200666608-0157/platform-architect-security-platform-architecture?team=HRDWR
Hardware Associate Engineer,Hardware,,2026-06-03,200666467,apple,2026-06-03,2026-06-04,0.3174,https://jobs.apple.com/en-us/details/200666467-3956/hardware-associate-engineer?team=HRDWR
"Platform Supply Planner, Cloud Infrastructure Business Operations",Software and Services,,2026-06-03,200665635,apple,2026-06-03,2026-06-04,0.3741,https://jobs.apple.com/en-us/details/200665635-0157/platform-supply-planner-cloud-infrastructure-business-operations?team=SFTWR
US-Manager,Apple Retail,,2026-06-03,200666593,apple,2026-06-03,2026-06-04,0.297,https://jobs.apple.com/en-us/details/200666593-3583/us-manager?team=APPST
Operations Test Engineer,Operations and Supply Chain,Various Locations within San Francisco Bay Area,2026-06-03,200666619,apple,2026-06-03,2026-06-04,0.3148,https://jobs.apple.com/en-us/details/200666619-3401/operations-test-engineer?team=OPMFG
US-Senior Manager,Apple Retail,,2026-06-03,200666343,apple,2026-06-03,2026-06-04,0.3101,https://jobs.apple.com/en-us/details/200666343-2159/us-senior-manager?team=APPST
"Software Engineer, G&A Solutions Engineering (GSE)",Software and Services,,2026-06-03,200666196,apple,2026-06-03,2026-06-04,0.3853,https://jobs.apple.com/en-us/details/200666196-0157/software-engineer-g-a-solutions-engineering-gse?team=SFTWR
ML Software Engineer,Machine Learning and AI,,2026-06-03,200666649,apple,2026-06-03,2026-06-04,0.405,https://jobs.apple.com/en-us/details/200666649-3337/ml-software-engineer?team=MLAI
"AIML - ML Engineer, Responsible AI",Machine Learning and AI,,2026-06-03,200642026,apple,2026-06-03,2026-06-04,0.3668,https://jobs.apple.com/en-us/details/200642026-3337/aiml-ml-engineer-responsible-ai?team=MLAI
"Change Manager, AIML Data Operations",Software and Services,,2026-06-03,200662439,apple,2026-06-03,2026-06-04,0.2829,https://jobs.apple.com/en-us/details/200662439-0157/change-manager-aiml-data-operations?team=SFTWR
Senior Compliance and Automation Engineer,Software and Services,,2026-06-03,200665946,apple,2026-06-03,2026-06-04,0.3726,https://jobs.apple.com/en-us/details/200665946-3577/senior-compliance-and-automation-engineer?team=SFTWR
Machine Learning Video Processing Engineer,Hardware,,2026-06-03,200622819,apple,2026-06-01,2026-06-04,0.3581,https://jobs.apple.com/en-us/details/200622819-0836/machine-learning-video-processing-engineer?team=HRDWR
"Senior Software Engineer, Energy Services",Software and Services,,2026-06-03,200644575,apple,2026-06-03,2026-06-04,0.351,https://jobs.apple.com/en-us/details/200644575-3543/senior-software-engineer-energy-services?team=SFTWR
"Software Engineer (Customer Success), Developer Engagement",Software and Services,,2026-06-03,200666610,apple,2026-06-03,2026-06-04,0.39,https://jobs.apple.com/en-us/details/200666610-0836/software-engineer-customer-success-developer-engagement?team=SFTWR
"iOS Location Engineer, Sensing & Connectivity",Software and Services,,2026-06-03,200666514,apple,2026-06-03,2026-06-04,0.3311,https://jobs.apple.com/en-us/details/200666514-0836/ios-location-engineer-sensing-connectivity?team=SFTWR
"CPU Performance & Workload Analysis Engineer, Platform Architecture",Hardware,,2026-06-03,200666607,apple,2026-06-03,2026-06-04,0.3411,https://jobs.apple.com/en-us/details/200666607-3760/cpu-performance-workload-analysis-engineer-platform-architecture?team=HRDWR
US-Store Leader,Apple Retail,,2026-06-03,200654402,apple,2026-06-03,2026-06-03,0.2487,https://jobs.apple.com/en-us/details/200654402-3010/us-store-leader?team=APPST
US-Manager,Apple Retail,,2026-06-03,200666095,apple,2026-06-03,2026-06-03,0.2973,https://jobs.apple.com/en-us/details/200666095-3160/us-manager?team=APPST
"Community Specialist, Channel Retail",Sales and Business Development,,2026-06-03,200666588,apple,2026-06-03,2026-06-03,0.3381,https://jobs.apple.com/en-us/details/200666588-1578/community-specialist-channel-retail?team=SLDEV
Core Audio System Software Engineer,Software and Services,,2026-06-03,200666534,apple,2026-06-03,2026-06-03,0.2739,https://jobs.apple.com/en-us/details/200666534-0836/core-audio-system-software-engineer?team=SFTWR
Senior Product Manager – Client Platform for Commerce and Messaging,Software and Services,,2026-06-03,200666473,apple,2026-06-03,2026-06-03,0.3476,https://jobs.apple.com/en-us/details/200666473-0836/senior-product-manager-client-platform-for-commerce-and-messaging?team=SFTWR
"Senior iOS Engineer, Apple Games",Software and Services,,2026-06-03,200664311,apple,2026-06-03,2026-06-03,0.2118,https://jobs.apple.com/en-us/details/200664311-0836/senior-ios-engineer-apple-games?team=SFTWR
Hardware Reliability Engineer - Apple Vision Products,Hardware,,2026-06-03,200663005,apple,2026-06-03,2026-06-03,0.2863,https://jobs.apple.com/en-us/details/200663005-0836/hardware-reliability-engineer-apple-vision-products?team=HRDWR
"Admin Team Manager, Platform Applications & Technologies",Corporate Functions,,2026-06-03,200666444,apple,2026-06-03,2026-06-03,0.34,https://jobs.apple.com/en-us/details/200666444-0836/admin-team-manager-platform-applications-technologies?team=CORSV
Front End SW Engineer - iOS / Web - iCloud,Software and Services,,2026-06-03,200665913,apple,2026-06-03,2026-06-03,0.2903,https://jobs.apple.com/en-us/details/200665913-3543/front-end-sw-engineer-ios-web-icloud?team=SFTWR
US-Technical Expert,Apple Retail,,2026-06-03,200666592,apple,2026-06-03,2026-06-03,0.2938,https://jobs.apple.com/en-us/details/200666592-2258/us-technical-expert?team=APPST
Battery Management Systems - Electrical Engineer,Hardware,,2026-06-03,200666424,apple,2026-06-03,2026-06-03,0.1854,https://jobs.apple.com/en-us/details/200666424-3543/battery-management-systems-electrical-engineer?team=HRDWR
"Engineering Project Manager, Retail & Marcom Engineering",Corporate Functions,,2026-06-03,200666185,apple,2026-06-03,2026-06-03,0.3664,https://jobs.apple.com/en-us/details/200666185-0157/engineering-project-manager-retail-marcom-engineering?team=CORSV
"Machine Learning Engineer, Proactive",Machine Learning and AI,,2026-06-03,200622577,apple,2026-06-01,2026-06-03,0.3878,https://jobs.apple.com/en-us/details/200622577-0836/machine-learning-engineer-proactive?team=MLAI
"Community Specialist, Channel Retail",Sales and Business Development,,2026-06-03,200666587,apple,2026-06-03,2026-06-03,0.3381,https://jobs.apple.com/en-us/details/200666587-6765/community-specialist-channel-retail?team=SLDEV
"Engineering Program Manager, Packaging",Hardware,,2026-06-03,200666492,apple,2026-06-03,2026-06-03,0.2626,https://jobs.apple.com/en-us/details/200666492-0157/engineering-program-manager-packaging?team=HRDWR
"Enterprise Product Marketing Manager, AI & Technical Marketing",Marketing,,2026-06-03,200662884,apple,2026-06-03,2026-06-03,0.3973,https://jobs.apple.com/en-us/details/200662884-0836/enterprise-product-marketing-manager-ai-technical-marketing?team=MKTG
"AI Software Engineer, Siri User Experiences",Software and Services,,2026-06-03,200666380,apple,2026-06-03,2026-06-03,0.3547,https://jobs.apple.com/en-us/details/200666380-0836/ai-software-engineer-siri-user-experiences?team=SFTWR
"Sr. Strategic Operations Program Manager, iPhone",Operations and Supply Chain,,2026-06-03,200664542,apple,2026-06-02,2026-06-03,0.3247,https://jobs.apple.com/en-us/details/200664542-0836/sr-strategic-operations-program-manager-iphone?team=OPMFG
"Real Estate Specialist, Global Retail Real Estate",Corporate Functions,,2026-06-03,200665952,apple,2026-06-03,2026-06-03,0.3423,https://jobs.apple.com/en-us/details/200665952-0836/real-estate-specialist-global-retail-real-estate?team=CORSV
Embedded Software Infrastructure Engineer,Hardware,,2026-06-03,200666419,apple,2026-06-03,2026-06-03,0.3359,https://jobs.apple.com/en-us/details/200666419-0836/embedded-software-infrastructure-engineer?team=HRDWR
Thermal Engineer,Hardware,,2026-06-03,200666154,apple,2026-06-03,2026-06-03,0.3114,https://jobs.apple.com/en-us/details/200666154-0836/thermal-engineer?team=HRDWR
Optical System Engineer,Hardware,,2026-06-03,200666415,apple,2026-06-03,2026-06-03,0.2469,https://jobs.apple.com/en-us/details/200666415-0836/optical-system-engineer?team=HRDWR
Camera Calibration and Test Engineer,Hardware,,2026-06-03,200665660,apple,2026-06-03,2026-06-03,0.1549,https://jobs.apple.com/en-us/details/200665660-3543/camera-calibration-and-test-engineer?team=HRDWR
Camera Calibration and Test Engineer,Hardware,,2026-06-03,200665659,apple,2026-06-03,2026-06-03,0.1549,https://jobs.apple.com/en-us/details/200665659-3543/camera-calibration-and-test-engineer?team=HRDWR
Senior Corporate Paralegal,Corporate Functions,,2026-06-03,200663567,apple,2026-06-03,2026-06-03,0.3055,https://jobs.apple.com/en-us/details/200663567-0836/senior-corporate-paralegal?team=CORSV
Tools and Automation Engineer,Hardware,,2026-06-03,200661398,apple,2026-06-03,2026-06-03,0.3226,https://jobs.apple.com/en-us/details/200661398-3956/tools-and-automation-engineer?team=HRDWR
Software Engineer – Distributed Systems & Platform Engineering,Hardware,,2026-06-02,200666169,apple,2026-06-01,2026-06-03,0.3208,https://jobs.apple.com/en-us/details/200666169-0157/software-engineer-distributed-systems-platform-engineering?team=HRDWR
Software Engineer – Distributed Systems & Platform Engineering,Hardware,,2026-06-02,200666190,apple,2026-06-01,2026-06-03,0.3208,https://jobs.apple.com/en-us/details/200666190-0157/software-engineer-distributed-systems-platform-engineering?team=HRDWR
"Senior IOS Software Engineer - Image Generation, Input Experience",Software and Services,,2026-06-02,200665982,apple,2026-06-01,2026-06-03,0.2882,https://jobs.apple.com/en-us/details/200665982-0836/senior-ios-software-engineer-image-generation-input-experience?team=SFTWR
Manufacturing Process Engineer- Display,Operations and Supply Chain,,2026-06-02,200665333,apple,2026-06-02,2026-06-03,0.3352,https://jobs.apple.com/en-us/details/200665333-0836/manufacturing-process-engineer-display?team=OPMFG
Software Tools and Automation Engineer - Apple Services Engineering,Software and Services,,2026-06-02,200666145,apple,2026-06-02,2026-06-03,0.3816,https://jobs.apple.com/en-us/details/200666145-3337/software-tools-and-automation-engineer-apple-services-engineering?team=SFTWR
"Technical Program Manager, Depth",Operations and Supply Chain,,2026-06-02,200664227,apple,2026-06-02,2026-06-03,0.3592,https://jobs.apple.com/en-us/details/200664227-3543/technical-program-manager-depth?team=OPMFG
Software Development Engineer in Test,Software and Services,,2026-06-02,200666150,apple,2026-06-02,2026-06-03,0.3885,https://jobs.apple.com/en-us/details/200666150-0836/software-development-engineer-in-test?team=SFTWR
Security Adoption Engineer,Software and Services,,2026-06-02,200665938,apple,2026-06-02,2026-06-03,0.2822,https://jobs.apple.com/en-us/details/200665938-3337/security-adoption-engineer?team=SFTWR
AI Security Engineer - Red Team,Software and Services,,2026-06-02,200665998,apple,2026-06-02,2026-06-03,0.3254,https://jobs.apple.com/en-us/details/200665998-3337/ai-security-engineer-red-team?team=SFTWR
SoC Design and Integration Engineer,Hardware,,2026-06-02,200666065,apple,2026-06-02,2026-06-03,0.2563,https://jobs.apple.com/en-us/details/200666065-0836/soc-design-and-integration-engineer?team=HRDWR
Home Reliability Engineer,Hardware,,2026-06-02,200666156,apple,2026-06-02,2026-06-03,0.2724,https://jobs.apple.com/en-us/details/200666156-2605/home-reliability-engineer?team=HRDWR
RF Hardware Assembly and Rework Technician,Hardware,,2026-06-02,200666378,apple,2026-06-02,2026-06-03,0.2223,https://jobs.apple.com/en-us/details/200666378-3956/rf-hardware-assembly-and-rework-technician?team=HRDWR
Baseband Hardware Design Engineer,Hardware,,2026-06-02,200666372,apple,2026-06-02,2026-06-03,0.1926,https://jobs.apple.com/en-us/details/200666372-3956/baseband-hardware-design-engineer?team=HRDWR
"Software Engineering Manager, Siri AI Quality",Software and Services,,2026-06-02,200666119,apple,2026-06-02,2026-06-03,0.3098,https://jobs.apple.com/en-us/details/200666119-0836/software-engineering-manager-siri-ai-quality?team=SFTWR
"Software Development Build Engineer, Apps Engineering",Software and Services,,2026-06-02,200665586,apple,2026-05-29,2026-06-03,0.3523,https://jobs.apple.com/en-us/details/200665586-0670/software-development-build-engineer-apps-engineering?team=SFTWR
Senior Legal Counsel – Health Products Deals,Corporate Functions,,2026-06-02,200660503,apple,2026-06-02,2026-06-03,0.2407,https://jobs.apple.com/en-us/details/200660503-0836/senior-legal-counsel-health-products-deals?team=CORSV
US-Business Pro,Apple Retail,,2026-06-02,200666364,apple,2026-06-02,2026-06-03,0.2822,https://jobs.apple.com/en-us/details/200666364-2258/us-business-pro?team=APPST
Machine Learning Video Algorithm Engineer,Hardware,,2026-06-02,200649940,apple,2026-06-02,2026-06-03,0.3208,https://jobs.apple.com/en-us/details/200649940-3543/machine-learning-video-algorithm-engineer?team=HRDWR
Machine Learning Video Codec Algorithm Engineer,Machine Learning and AI,,2026-06-02,200656320,apple,2026-06-02,2026-06-03,0.302,https://jobs.apple.com/en-us/details/200656320-0836/machine-learning-video-codec-algorithm-engineer?team=MLAI
"Senior Engineering Program Manager, Find My",Software and Services,,2026-06-02,200630263,apple,2026-06-02,2026-06-03,0.3726,https://jobs.apple.com/en-us/details/200630263-0836/senior-engineering-program-manager-find-my?team=SFTWR
Navigation Framework Software Development in Test (SDET) – Apple Maps,Software and Services,,2026-06-02,200636683,apple,2026-06-02,2026-06-03,0.2137,https://jobs.apple.com/en-us/details/200636683-3337/navigation-framework-software-development-in-test-sdet-apple-maps?team=SFTWR
Quality Program Manager,Hardware,,2026-06-02,200665574,apple,2026-06-02,2026-06-03,0.2708,https://jobs.apple.com/en-us/details/200665574-3956/quality-program-manager?team=HRDWR
Data Analytics Engineer - Apple Services Engineering,Software and Services,,2026-06-02,200662203,apple,2026-06-02,2026-06-03,0.4548,https://jobs.apple.com/en-us/details/200662203-0836/data-analytics-engineer-apple-services-engineering?team=SFTWR
"Senior/Staff Software Engineer, Apple Services Engineering",Software and Services,,2026-06-02,200651920,apple,2026-06-02,2026-06-03,0.3548,https://jobs.apple.com/en-us/details/200651920-3337/senior-staff-software-engineer-apple-services-engineering?team=SFTWR
"Software Engineer, Agentic Workflows",Software and Services,,2026-06-02,200666134,apple,2026-06-02,2026-06-03,0.3657,https://jobs.apple.com/en-us/details/200666134-0836/software-engineer-agentic-workflows?team=SFTWR
Display Electrical Engineer,Hardware,Various Locations within San Francisco Bay Area,2026-06-02,200666200,apple,2026-06-02,2026-06-03,0.2532,https://jobs.apple.com/en-us/details/200666200-3401/display-electrical-engineer?team=HRDWR
QA Engineer,Software and Services,,2026-06-02,200666399,apple,2026-06-02,2026-06-03,0.3178,https://jobs.apple.com/en-us/details/200666399-0836/qa-engineer?team=SFTWR
RF Passive Design Engineer,Hardware,,2026-06-02,200665279,apple,2026-06-02,2026-06-03,0.1689,https://jobs.apple.com/en-us/details/200665279-3543/rf-passive-design-engineer?team=HRDWR
Analog Layout Engineer,Hardware,,2026-06-02,200665257,apple,2026-06-02,2026-06-03,0.2193,https://jobs.apple.com/en-us/details/200665257-0157/analog-layout-engineer?team=HRDWR
"Senior Software Engineer, Identity",Software and Services,,2026-06-02,200654515,apple,2026-06-01,2026-06-03,0.3471,https://jobs.apple.com/en-us/details/200654515-0953/senior-software-engineer-identity?team=SFTWR
"Wi-Fi Software Engineer, Wireless Technologies & Ecosystems",Software and Services,,2026-06-02,200666337,apple,2026-06-03,2026-06-03,0.306,https://jobs.apple.com/en-us/details/200666337-0836/wi-fi-software-engineer-wireless-technologies-ecosystems?team=SFTWR
Agentic AI Product Manager,Sales and Business Development,,2026-06-02,200664473,apple,2026-06-02,2026-06-03,0.3446,https://jobs.apple.com/en-us/details/200664473-0157/agentic-ai-product-manager?team=SLDEV
Camera Tuning & Image Quality Engineer,Software and Services,Various Locations within San Francisco Bay Area,2026-06-02,200666140,apple,2026-06-02,2026-06-03,0.2167,https://jobs.apple.com/en-us/details/200666140-3401/camera-tuning-image-quality-engineer?team=SFTWR
"Forward Deployed Engineer, Maps Client QE Intelligence",Software and Services,,2026-06-02,200647290,apple,2026-06-02,2026-06-03,0.3052,https://jobs.apple.com/en-us/details/200647290-0836/forward-deployed-engineer-maps-client-qe-intelligence?team=SFTWR
Strategic Foresight and Trend Intelligence,Corporate Functions,,2026-06-02,200666017,apple,2026-06-02,2026-06-03,0.3256,https://jobs.apple.com/en-us/details/200666017-0836/strategic-foresight-and-trend-intelligence?team=CORSV
"Sr. Ruby on Rails Engineer, ASE",Software and Services,,2026-06-02,200636171,apple,2026-06-02,2026-06-03,0.2669,https://jobs.apple.com/en-us/details/200636171-3337/sr-ruby-on-rails-engineer-ase?team=SFTWR
Computer Vision and Machine Learning Engineer,Machine Learning and AI,,2026-06-02,200633612,apple,2026-06-02,2026-06-03,0.3485,https://jobs.apple.com/en-us/details/200633612-3956/computer-vision-and-machine-learning-engineer?team=MLAI
"Creative Director, A/V - Apple TV Marketing",Marketing,,2026-06-02,200666406,apple,2026-06-02,2026-06-03,0.2351,https://jobs.apple.com/en-us/details/200666406-0670/creative-director-a-v-apple-tv-marketing?team=MKTG
Analog Layout Engineer,Hardware,,2026-06-02,200665253,apple,2026-06-02,2026-06-03,0.217,https://jobs.apple.com/en-us/details/200665253-0157/analog-layout-engineer?team=HRDWR
Display Module Optical Engineer,Hardware,,2026-06-02,200633414,apple,2026-06-03,2026-06-03,0.2107,https://jobs.apple.com/en-us/details/200633414-3956/display-module-optical-engineer?team=HRDWR
Lab Manager,Hardware,,2026-06-02,200665941,apple,2026-06-03,2026-06-03,0.3227,https://jobs.apple.com/en-us/details/200665941-3543/lab-manager?team=HRDWR
Sensing ML Algorithm Engineer - HID,Design,,2026-06-02,200647928,apple,2026-06-03,2026-06-03,0.2878,https://jobs.apple.com/en-us/details/200647928-0836/sensing-ml-algorithm-engineer-hid?team=DESGN
US-Operations Lead,Apple Retail,,2026-06-02,200665900,apple,2026-06-03,2026-06-03,0.2725,https://jobs.apple.com/en-us/details/200665900-3125/us-operations-lead?team=APPST
Build Security Engineer,Software and Services,,2026-06-02,200666261,apple,2026-06-03,2026-06-03,0.3001,https://jobs.apple.com/en-us/details/200666261-0157/build-security-engineer?team=SFTWR
Software Build Engineer,Software and Services,,2026-06-02,200666251,apple,2026-06-03,2026-06-03,0.3252,https://jobs.apple.com/en-us/details/200666251-3543/software-build-engineer?team=SFTWR
"Senior Producer, Apps Team",Software and Services,,2026-06-02,200666445,apple,2026-06-03,2026-06-03,0.2718,https://jobs.apple.com/en-us/details/200666445-0836/senior-producer-apps-team?team=SFTWR
Machine Learning Data Engineer,Hardware,,2026-06-02,200666153,apple,2026-06-03,2026-06-03,0.4127,https://jobs.apple.com/en-us/details/200666153-0836/machine-learning-data-engineer?team=HRDWR
Human Data Operations Lead – East Coast,Hardware,,2026-06-02,200666163,apple,2026-06-03,2026-06-03,0.363,https://jobs.apple.com/en-us/details/200666163-2459/human-data-operations-lead-east-coast?team=HRDWR
"Product Manager, AppleCare",Marketing,,2026-06-02,200666468,apple,2026-06-03,2026-06-03,0.3217,https://jobs.apple.com/en-us/details/200666468-0836/product-manager-applecare?team=MKTG
US-Technical Specialist,Apple Retail,,2026-06-02,200666478,apple,2026-06-03,2026-06-03,0.3082,https://jobs.apple.com/en-us/details/200666478-2638/us-technical-specialist?team=APPST
"Senior Engineering Program Manager - Apple Services Engineering, Rights & Pricing",Software and Services,,2026-06-02,200666447,apple,2026-06-03,2026-06-03,0.3501,https://jobs.apple.com/en-us/details/200666447-0836/senior-engineering-program-manager-apple-services-engineering-rights-pricing?team=SFTWR
"Product Design Producer, Music & Podcasts",Software and Services,,2026-06-02,200666488,apple,2026-06-03,2026-06-03,0.2524,https://jobs.apple.com/en-us/details/200666488-0670/product-design-producer-music-podcasts?team=SFTWR
"Product Designer, Media Partner Tools",Design,,2026-06-02,200646709,apple,2026-06-03,2026-06-03,0.2842,https://jobs.apple.com/en-us/details/200646709-0670/product-designer-media-partner-tools?team=DESGN
Senior Agentic AI Product Manager,Sales and Business Development,,2026-06-02,200664481,apple,2026-06-02,2026-06-03,0.3621,https://jobs.apple.com/en-us/details/200664481-0157/senior-agentic-ai-product-manager?team=SLDEV
"Technical SEO Program Manager, Agentic",Corporate Functions,,2026-06-02,200666109,apple,2026-06-02,2026-06-02,0.3694,https://jobs.apple.com/en-us/details/200666109-0836/technical-seo-program-manager-agentic?team=CORSV
AIML - Sr Machine Learning Engineer - Data and ML Innovation,Machine Learning and AI,,2026-06-01,200666135,apple,2026-06-01,2026-06-03,0.4058,https://jobs.apple.com/en-us/details/200666135-0836/aiml-sr-machine-learning-engineer-data-and-ml-innovation?team=MLAI
"Senior Machine Learning Engineer, Machine Learning Platform Technologies",Machine Learning and AI,Various Locations within San Francisco Bay Area,2026-06-01,200664972,apple,2026-06-01,2026-06-03,0.4087,https://jobs.apple.com/en-us/details/200664972-3401/senior-machine-learning-engineer-machine-learning-platform-technologies?team=MLAI
CVML Algorithm Engineer,Hardware,,2026-06-01,200664586,apple,2026-06-01,2026-06-03,0.2709,https://jobs.apple.com/en-us/details/200664586-3956/cvml-algorithm-engineer?team=HRDWR
Cellular System Engineer,Hardware,,2026-06-01,200666108,apple,2026-06-01,2026-06-03,0.2721,https://jobs.apple.com/en-us/details/200666108-3543/cellular-system-engineer?team=HRDWR
Marketing Analyst - Paid Media,Marketing,,2026-06-01,200646971,apple,2026-06-01,2026-06-03,0.3484,https://jobs.apple.com/en-us/details/200646971-0670/marketing-analyst-paid-media?team=MKTG
Cellular 4G/5G System Performance Engineer,Hardware,Various Locations within San Francisco Bay Area,2026-06-01,200666099,apple,2026-06-01,2026-06-03,0.2409,https://jobs.apple.com/en-us/details/200666099-3401/cellular-4g-5g-system-performance-engineer?team=HRDWR
"AR/VR Applications Engineer - Photos, Vision Products Software",Software and Services,Various Locations within San Francisco Bay Area,2026-06-01,200664993,apple,2026-06-01,2026-06-03,0.2772,https://jobs.apple.com/en-us/details/200664993-3401/ar-vr-applications-engineer-photos-vision-products-software?team=SFTWR
"Security Developer Tools Engineer (Static Analysis), Languages & Runtimes",Software and Services,,2026-06-01,200665894,apple,2026-06-01,2026-06-03,0.3707,https://jobs.apple.com/en-us/details/200665894-0505/security-developer-tools-engineer-static-analysis-languages-runtimes?team=SFTWR
Audio Experience Engineer,Hardware,,2026-06-01,200666179,apple,2026-06-01,2026-06-03,0.2882,https://jobs.apple.com/en-us/details/200666179-0836/audio-experience-engineer?team=HRDWR
"AIML - ML Researcher, AFM",Machine Learning and AI,,2026-06-01,200641993,apple,2026-06-01,2026-06-03,0.3458,https://jobs.apple.com/en-us/details/200641993-0836/aiml-ml-researcher-afm?team=MLAI
Deep Learning Engineer - Perception Algorithms,Machine Learning and AI,,2026-06-01,200650313,apple,2026-06-01,2026-06-03,0.3834,https://jobs.apple.com/en-us/details/200650313-3956/deep-learning-engineer-perception-algorithms?team=MLAI
"Systems & Kernel Software Engineer, SEAR",Software and Services,,2026-06-01,200565362,apple,2026-06-01,2026-06-03,0.3388,https://jobs.apple.com/en-us/details/200565362-0836/systems-kernel-software-engineer-sear?team=SFTWR
QA Tools and Automation Engineer - Apple Cloud,Software and Services,,2026-06-01,200665914,apple,2026-06-01,2026-06-02,0.3802,https://jobs.apple.com/en-us/details/200665914-0157/qa-tools-and-automation-engineer-apple-cloud?team=SFTWR
Facilities Manager,Corporate Functions,,2026-06-01,200664197,apple,2026-06-01,2026-06-02,0.2805,https://jobs.apple.com/en-us/details/200664197-0670/facilities-manager?team=CORSV
"System Test Engineer, 5G/6G Wireless Interoperability - Wireless Technologies and Ecosystems",Software and Services,,2026-06-01,200665837,apple,2026-06-01,2026-06-02,0.2906,https://jobs.apple.com/en-us/details/200665837-3543/system-test-engineer-5g-6g-wireless-interoperability-wireless-technologies-and-ecosystems?team=SFTWR
Product Design Engineer - Apple Vision Pro,Hardware,,2026-06-01,200665866,apple,2026-06-01,2026-06-02,0.2917,https://jobs.apple.com/en-us/details/200665866-3543/product-design-engineer-apple-vision-pro?team=HRDWR
Software Engineer - Test and Validation,Hardware,,2026-06-01,200665937,apple,2026-06-01,2026-06-02,0.2987,https://jobs.apple.com/en-us/details/200665937-0157/software-engineer-test-and-validation?team=HRDWR
"Senior Engineering Program Manager, Client Engineering, Apple Ads",Software and Services,,2026-06-01,200666075,apple,2026-06-01,2026-06-02,0.366,https://jobs.apple.com/en-us/details/200666075-0836/senior-engineering-program-manager-client-engineering-apple-ads?team=SFTWR
Tools & Automation Engineer - Services,Software and Services,,2026-06-01,200663792,apple,2026-06-01,2026-06-02,0.3694,https://jobs.apple.com/en-us/details/200663792-3543/tools-automation-engineer-services?team=SFTWR
"Manager of Engineering Project Managers, Power",Software and Services,,2026-06-01,200665878,apple,2026-06-01,2026-06-02,0.3424,https://jobs.apple.com/en-us/details/200665878-0836/manager-of-engineering-project-managers-power?team=SFTWR
Display Electrical Engineer,Hardware,Various Locations within San Francisco Bay Area,2026-06-01,200665855,apple,2026-06-01,2026-06-02,0.2532,https://jobs.apple.com/en-us/details/200665855-3401/display-electrical-engineer?team=HRDWR
"Manager of Engineering Project Managers, Core Platform",Software and Services,,2026-06-01,200665877,apple,2026-06-01,2026-06-02,0.3651,https://jobs.apple.com/en-us/details/200665877-0836/manager-of-engineering-project-managers-core-platform?team=SFTWR
Machine Learning Video Research Engineer,Hardware,,2026-06-01,200665879,apple,2026-06-01,2026-06-02,0.3371,https://jobs.apple.com/en-us/details/200665879-0836/machine-learning-video-research-engineer?team=HRDWR
Acoustics Engineer - Airpods,Hardware,,2026-06-01,200657353,apple,2026-06-01,2026-06-02,0.2364,https://jobs.apple.com/en-us/details/200657353-0836/acoustics-engineer-airpods?team=HRDWR
Mixed-Signal IC Design Engineer,Hardware,,2026-06-01,200665764,apple,2026-06-01,2026-06-02,0.204,https://jobs.apple.com/en-us/details/200665764-2076/mixed-signal-ic-design-engineer?team=HRDWR
"US - Specialist: Seasonal, Part-time",Apple Retail,,2026-06-01,200666051,apple,2026-06-01,2026-06-02,0.3392,https://jobs.apple.com/en-us/details/200666051-3256/us-specialist-seasonal-part-time?team=APPST
Sr. Solutions Architect-Customer Systems,Software and Services,,2026-06-01,200663311,apple,2026-06-01,2026-06-02,0.3406,https://jobs.apple.com/en-us/details/200663311-0157/sr-solutions-architect-customer-systems?team=SFTWR
System Integration Engineering Program Manager (EPM) - Apple Vision Pro,Hardware,,2026-06-01,200648557,apple,2026-06-01,2026-06-02,0.2822,https://jobs.apple.com/en-us/details/200648557-3749/system-integration-engineering-program-manager-epm-apple-vision-pro?team=HRDWR
Wireless Systems Architect,Hardware,,2026-06-01,200662883,apple,2026-06-01,2026-06-02,0.2383,https://jobs.apple.com/en-us/details/200662883-3749/wireless-systems-architect?team=HRDWR
US-Manager,Apple Retail,,2026-06-01,200650797,apple,2026-06-01,2026-06-02,0.2926,https://jobs.apple.com/en-us/details/200650797-2642/us-manager?team=APPST
Senior Discovery Counsel - Matter Support,Corporate Functions,,2026-06-01,200641850,apple,2026-06-01,2026-06-02,0.3689,https://jobs.apple.com/en-us/details/200641850-0157/senior-discovery-counsel-matter-support?team=CORSV
Prototyping System Engineer,Hardware,,2026-06-01,200666129,apple,2026-06-01,2026-06-02,0.2934,https://jobs.apple.com/en-us/details/200666129-3956/prototyping-system-engineer?team=HRDWR
US-Operations Specialist,Apple Retail,,2026-06-01,200666137,apple,2026-06-01,2026-06-02,0.3004,https://jobs.apple.com/en-us/details/200666137-2741/us-operations-specialist?team=APPST
"Data Science Engineer, Apple Energy Services",Software and Services,,2026-06-01,200644564,apple,2026-06-01,2026-06-02,0.416,https://jobs.apple.com/en-us/details/200644564-3543/data-science-engineer-apple-energy-services?team=SFTWR
Camera Mechanical Design Engineer,Hardware,,2026-06-01,200666111,apple,2026-06-01,2026-06-02,0.2171,https://jobs.apple.com/en-us/details/200666111-0836/camera-mechanical-design-engineer?team=HRDWR
"Wireless Bluetooth QA Engineer, Wireless Technologies & Ecosystems",Software and Services,,2026-06-01,200665564,apple,2026-06-01,2026-06-02,0.2426,https://jobs.apple.com/en-us/details/200665564-3543/wireless-bluetooth-qa-engineer-wireless-technologies-ecosystems?team=SFTWR
US-Manager,Apple Retail,,2026-06-01,200665124,apple,2026-06-01,2026-06-02,0.296,https://jobs.apple.com/en-us/details/200665124-2171/us-manager?team=APPST
"Sr. Financial Analyst, Investor Relations - Strategic Finance",Corporate Functions,,2026-06-01,200665956,apple,2026-06-01,2026-06-02,0.3343,https://jobs.apple.com/en-us/details/200665956-0836/sr-financial-analyst-investor-relations-strategic-finance?team=CORSV
Security Systems Product Manager,Corporate Functions,,2026-06-01,200664485,apple,2026-06-01,2026-06-02,0.2726,https://jobs.apple.com/en-us/details/200664485-0157/security-systems-product-manager?team=CORSV
"AI/ML Engineer (GenAI), G&A Solutions Engineering (GSE)",Software and Services,,2026-06-01,200626114,apple,2026-06-01,2026-06-02,0.4057,https://jobs.apple.com/en-us/details/200626114-0157/ai-ml-engineer-genai-g-a-solutions-engineering-gse?team=SFTWR
Senior Software Engineering Manager - Client Leader,Software and Services,,2026-06-01,200645193,apple,2026-06-01,2026-06-02,0.3455,https://jobs.apple.com/en-us/details/200645193-0836/senior-software-engineering-manager-client-leader?team=SFTWR
Analog Mixed Signal IP Integration Engineer,Hardware,Various Locations within San Francisco Bay Area,2026-06-01,200664831,apple,2026-06-01,2026-06-02,0.2284,https://jobs.apple.com/en-us/details/200664831-3401/analog-mixed-signal-ip-integration-engineer?team=HRDWR
Hardware System EE Architect,Hardware,,2026-06-01,200666132,apple,2026-06-01,2026-06-02,0.2467,https://jobs.apple.com/en-us/details/200666132-3956/hardware-system-ee-architect?team=HRDWR
Senior iOS Software Engineer — CloudKit,Software and Services,,2026-06-01,200665931,apple,2026-06-01,2026-06-02,0.3469,https://jobs.apple.com/en-us/details/200665931-3543/senior-ios-software-engineer-cloudkit?team=SFTWR
"Software Development Engineer - Security, Enterprise Technology Services",Software and Services,,2026-06-01,200665724,apple,2026-06-01,2026-06-02,0.3662,https://jobs.apple.com/en-us/details/200665724-0157/software-development-engineer-security-enterprise-technology-services?team=SFTWR
AC/DC Power Systems Technician,Hardware,Various Locations within San Francisco Bay Area,2026-05-31,200664055,apple,2026-05-30,2026-06-02,0.2467,https://jobs.apple.com/en-us/details/200664055-3401/ac-dc-power-systems-technician?team=HRDWR
Electrical Simulation CAE Engineer,Hardware,,2026-05-30,200665579,apple,2026-05-29,2026-06-02,0.2609,https://jobs.apple.com/en-us/details/200665579-3749/electrical-simulation-cae-engineer?team=HRDWR
OS Performance Tools Engineer,Software and Services,,2026-05-30,200665933,apple,2026-05-29,2026-06-02,0.299,https://jobs.apple.com/en-us/details/200665933-0836/os-performance-tools-engineer?team=SFTWR
"Software QA Engineer - Photos, Spatial Media, & Camera Apps, Vision Products Software",Software and Services,,2026-05-30,200665962,apple,2026-05-30,2026-06-02,0.3315,https://jobs.apple.com/en-us/details/200665962-3956/software-qa-engineer-photos-spatial-media-camera-apps-vision-products-software?team=SFTWR
AC-DC Power Design Engineer,Hardware,,2026-05-30,200665945,apple,2026-05-29,2026-06-02,0.2162,https://jobs.apple.com/en-us/details/200665945-3749/ac-dc-power-design-engineer?team=HRDWR
"Program Manager, AMR Ownership Operations",Corporate Functions,,2026-05-30,200659836,apple,2026-05-30,2026-06-02,0.2892,https://jobs.apple.com/en-us/details/200659836-0836/program-manager-amr-ownership-operations?team=CORSV
Social Editorial Lead,Marketing,,2026-05-29,200664324,apple,2026-05-29,2026-06-02,0.2563,https://jobs.apple.com/en-us/details/200664324-0836/social-editorial-lead?team=MKTG
SoC Design and Integration Engineer,Hardware,,2026-05-29,200665882,apple,2026-05-29,2026-06-02,0.2511,https://jobs.apple.com/en-us/details/200665882-0836/soc-design-and-integration-engineer?team=HRDWR
"Financial Analyst, Retail & Sales Finance",Corporate Functions,,2026-05-29,200665902,apple,2026-05-29,2026-06-02,0.3714,https://jobs.apple.com/en-us/details/200665902-0836/financial-analyst-retail-sales-finance?team=CORSV
"Senior Maching Learning & Data Scientist, OS Power & Performance",Software and Services,,2026-05-29,200665908,apple,2026-05-29,2026-06-02,0.424,https://jobs.apple.com/en-us/details/200665908-0836/senior-maching-learning-data-scientist-os-power-performance?team=SFTWR
"Financial Analyst, Operations & Engineering",Corporate Functions,,2026-05-29,200665901,apple,2026-05-29,2026-06-02,0.3539,https://jobs.apple.com/en-us/details/200665901-0836/financial-analyst-operations-engineering?team=CORSV
Regional Supplier Manager - Inbound Logistics,Operations and Supply Chain,,2026-05-29,200663931,apple,2026-05-29,2026-06-02,0.2536,https://jobs.apple.com/en-us/details/200663931-0157/regional-supplier-manager-inbound-logistics?team=OPMFG
"Performance & Automation Test Engineer, Creativity Apps",Software and Services,,2026-05-29,200665875,apple,2026-05-29,2026-06-02,0.3732,https://jobs.apple.com/en-us/details/200665875-0836/performance-automation-test-engineer-creativity-apps?team=SFTWR
Information Security Business Partner Lead - Product Ops & Supply Chain,Software and Services,,2026-05-29,200665728,apple,2026-05-29,2026-06-02,0.2925,https://jobs.apple.com/en-us/details/200665728-3956/information-security-business-partner-lead-product-ops-supply-chain?team=SFTWR
SW Dev Engineer -ASE -Backend,Software and Services,,2026-05-29,200665911,apple,2026-05-29,2026-06-02,0.3151,https://jobs.apple.com/en-us/details/200665911-0836/sw-dev-engineer-ase-backend?team=SFTWR
Silicon Validation Software Engineer- GPU IP Validation and Integration,Hardware,,2026-05-29,200665892,apple,2026-05-29,2026-06-02,0.3041,https://jobs.apple.com/en-us/details/200665892-0157/silicon-validation-software-engineer-gpu-ip-validation-and-integration?team=HRDWR
"Product Manager, AI Finance Transformation",Corporate Functions,,2026-05-29,200665942,apple,2026-05-29,2026-06-02,0.3206,https://jobs.apple.com/en-us/details/200665942-0836/product-manager-ai-finance-transformation?team=CORSV
"Hardware Systems Integration, iPhone",Hardware,,2026-05-29,200665884,apple,2026-05-29,2026-06-02,0.2315,https://jobs.apple.com/en-us/details/200665884-3543/hardware-systems-integration-iphone?team=HRDWR
PC Board Designer,Hardware,,2026-05-29,200665644,apple,2026-05-29,2026-06-02,0.2539,https://jobs.apple.com/en-us/details/200665644-0157/pc-board-designer?team=HRDWR
AirPods Firmware Engineer,Hardware,,2026-05-29,200664813,apple,2026-05-29,2026-06-02,0.204,https://jobs.apple.com/en-us/details/200664813-3543/airpods-firmware-engineer?team=HRDWR
Machine Learning Research Scientist - Health AIML,Machine Learning and AI,,2026-05-29,200665930,apple,2026-05-29,2026-06-02,0.3254,https://jobs.apple.com/en-us/details/200665930-3337/machine-learning-research-scientist-health-aiml?team=MLAI
"Business Development Manager, Apple Business Trade In",Sales and Business Development,,2026-05-29,200665890,apple,2026-05-29,2026-06-02,0.3592,https://jobs.apple.com/en-us/details/200665890-0157/business-development-manager-apple-business-trade-in?team=SLDEV
Project Manager - Employee Experience & Productivity,Software and Services,,2026-05-29,200665531,apple,2026-05-29,2026-06-01,0.3765,https://jobs.apple.com/en-us/details/200665531-0670/project-manager-employee-experience-productivity?team=SFTWR
Human Factors Engineer/Researcher,Hardware,,2026-05-29,200665578,apple,2026-05-29,2026-06-01,0.3752,https://jobs.apple.com/en-us/details/200665578-0836/human-factors-engineer-researcher?team=HRDWR
"Manager, Global Sourcing & Supply Management (GSSM)",Operations and Supply Chain,,2026-05-29,200665500,apple,2026-05-29,2026-06-01,0.2899,https://jobs.apple.com/en-us/details/200665500-0836/manager-global-sourcing-supply-management-gssm?team=OPMFG
Manufacturing Quality Engineer (MQE) Enclosures,Operations and Supply Chain,,2026-05-29,200664973,apple,2026-05-29,2026-06-01,0.2809,https://jobs.apple.com/en-us/details/200664973-0836/manufacturing-quality-engineer-mqe-enclosures?team=OPMFG
"Senior Systems Engineer, Watch Software",Software and Services,,2026-05-29,200662376,apple,2026-05-29,2026-06-01,0.3207,https://jobs.apple.com/en-us/details/200662376-0365/senior-systems-engineer-watch-software?team=SFTWR
"Program Manager, Distribution Center Operations",Operations and Supply Chain,,2026-05-29,200664549,apple,2026-05-29,2026-06-01,0.2661,https://jobs.apple.com/en-us/details/200664549-3956/program-manager-distribution-center-operations?team=OPMFG
US-Expert,Apple Retail,,2026-05-29,200665684,apple,2026-05-29,2026-06-01,0.2752,https://jobs.apple.com/en-us/details/200665684-2165/us-expert?team=APPST
US-Genius,Apple Retail,,2026-05-29,200665769,apple,2026-05-29,2026-06-01,0.2488,https://jobs.apple.com/en-us/details/200665769-2216/us-genius?team=APPST
Camera Calibration and Test Engineer,Hardware,,2026-05-29,200647344,apple,2026-05-29,2026-06-01,0.1548,https://jobs.apple.com/en-us/details/200647344-3543/camera-calibration-and-test-engineer?team=HRDWR
Senior Software Engineer,Operations and Supply Chain,,2026-05-29,200665482,apple,2026-05-29,2026-06-01,0.3026,https://jobs.apple.com/en-us/details/200665482-0836/senior-software-engineer?team=OPMFG
"Content Strategy & Planning, Contribution Value Model Lead Analyst",Corporate Functions,,2026-05-29,200650200,apple,2026-05-29,2026-06-01,0.306,https://jobs.apple.com/en-us/details/200650200-0670/content-strategy-planning-contribution-value-model-lead-analyst?team=CORSV
Health Sensor Electrical Engineer,Hardware,,2026-05-29,200665641,apple,2026-05-29,2026-06-01,0.277,https://jobs.apple.com/en-us/details/200665641-3956/health-sensor-electrical-engineer?team=HRDWR
Analytics Engineer-Apple Services Engineering,Software and Services,,2026-05-29,200665540,apple,2026-05-29,2026-06-01,0.4318,https://jobs.apple.com/en-us/details/200665540-3337/analytics-engineer-apple-services-engineering?team=SFTWR
"Business Manager – Worldwide Product Marketing Finance, AI",Corporate Functions,,2026-05-29,200665498,apple,2026-05-29,2026-06-01,0.3458,https://jobs.apple.com/en-us/details/200665498-0836/business-manager-worldwide-product-marketing-finance-ai?team=CORSV
"Senior Software Engineer, Apple Services Engineering",Software and Services,,2026-05-29,200665838,apple,2026-05-29,2026-06-01,0.3489,https://jobs.apple.com/en-us/details/200665838-0836/senior-software-engineer-apple-services-engineering?team=SFTWR
Evaluation Reliability SRE,Machine Learning and AI,,2026-05-29,200665852,apple,2026-05-29,2026-06-01,0.27,https://jobs.apple.com/en-us/details/200665852-0836/evaluation-reliability-sre?team=MLAI
"Sr Program Manager, Commerce Program Management - Partners, Apple Services Engineering",Software and Services,,2026-05-29,200656992,apple,2026-05-29,2026-06-01,0.359,https://jobs.apple.com/en-us/details/200656992-3337/sr-program-manager-commerce-program-management-partners-apple-services-engineering?team=SFTWR
US-Manager,Apple Retail,,2026-05-29,200664525,apple,2026-05-29,2026-06-01,0.2966,https://jobs.apple.com/en-us/details/200664525-2217/us-manager?team=APPST
"Software Quality Engineer, Books",Software and Services,,2026-05-29,200665686,apple,2026-05-29,2026-06-01,0.302,https://jobs.apple.com/en-us/details/200665686-0836/software-quality-engineer-books?team=SFTWR
"SoC QoS/Fabric Performance Engineer, Platform Architecture",Hardware,,2026-05-29,200665859,apple,2026-05-29,2026-06-01,0.2513,https://jobs.apple.com/en-us/details/200665859-0157/soc-qos-fabric-performance-engineer-platform-architecture?team=HRDWR
SW Development Engineer - Front End Frameworks,Software and Services,,2026-05-29,200656666,apple,2026-05-29,2026-06-01,0.3372,https://jobs.apple.com/en-us/details/200656666-0670/sw-development-engineer-front-end-frameworks?team=SFTWR
Battery Management Systems - Electrical Engineer,Hardware,,2026-05-29,200665714,apple,2026-05-29,2026-06-01,0.1778,https://jobs.apple.com/en-us/details/200665714-0836/battery-management-systems-electrical-engineer?team=HRDWR
"Software Engineering Manager, ASE Commerce Engineering",Software and Services,,2026-05-29,200665874,apple,2026-05-29,2026-06-01,0.4079,https://jobs.apple.com/en-us/details/200665874-2459/software-engineering-manager-ase-commerce-engineering?team=SFTWR
"Platform Software Engineer, Infrastructure Services",Software and Services,,2026-05-29,200658896,apple,2026-05-29,2026-06-01,0.3621,https://jobs.apple.com/en-us/details/200658896-3956/platform-software-engineer-infrastructure-services?team=SFTWR
Software Engineering Systems,Software and Services,,2026-05-29,200664708,apple,2026-05-29,2026-05-29,0.307,https://jobs.apple.com/en-us/details/200664708-3543/software-engineering-systems?team=SFTWR
Software Engineer – Applications,Corporate Functions,,2026-05-29,200664702,apple,2026-05-29,2026-05-29,0.3564,https://jobs.apple.com/en-us/details/200664702-0157/software-engineer-applications?team=CORSV
Software Engineer- Applications,Corporate Functions,,2026-05-29,200664701,apple,2026-05-29,2026-05-29,0.345,https://jobs.apple.com/en-us/details/200664701-0157/software-engineer-applications?team=CORSV
"AI Search Architect - AI, Search & Knowledge Platforms",Machine Learning and AI,,2026-05-28,200594611,apple,2026-05-29,2026-06-01,0.3697,https://jobs.apple.com/en-us/details/200594611-3760/ai-search-architect-ai-search-knowledge-platforms?team=MLAI
Tools and Automation Engineer,Software and Services,,2026-05-28,200664746,apple,2026-05-29,2026-06-01,0.341,https://jobs.apple.com/en-us/details/200664746-0836/tools-and-automation-engineer?team=SFTWR
"Principal Engineer, Search and AI Infrastructure, Machine Learning Platform & Infrastructure",Machine Learning and AI,Various Locations within San Francisco Bay Area,2026-05-28,200645636,apple,2026-05-29,2026-06-01,0.4415,https://jobs.apple.com/en-us/details/200645636-3401/principal-engineer-search-and-ai-infrastructure-machine-learning-platform-infrastructure?team=MLAI
"Wallets, Payments & Commerce- Marketing Program Manager",Software and Services,,2026-05-28,200665653,apple,2026-05-29,2026-06-01,0.2909,https://jobs.apple.com/en-us/details/200665653-0836/wallets-payments-commerce-marketing-program-manager?team=SFTWR
"Software Engineering Technical Lead, Wallet Identity Server",Software and Services,,2026-05-28,200665431,apple,2026-05-29,2026-06-01,0.2906,https://jobs.apple.com/en-us/details/200665431-0836/software-engineering-technical-lead-wallet-identity-server?team=SFTWR
Thermal Engineering Technician,Hardware,,2026-05-28,200665476,apple,2026-05-29,2026-06-01,0.3576,https://jobs.apple.com/en-us/details/200665476-0157/thermal-engineering-technician?team=HRDWR
US-Manager,Apple Retail,,2026-05-28,200663059,apple,2026-05-29,2026-06-01,0.2967,https://jobs.apple.com/en-us/details/200663059-2995/us-manager?team=APPST
"Machine Learning Research Engineer, SIML - ISE",Machine Learning and AI,,2026-05-28,200628549,apple,2026-05-29,2026-06-01,0.4015,https://jobs.apple.com/en-us/details/200628549-0836/machine-learning-research-engineer-siml-ise?team=MLAI
"Director, Automation & Tools - Camera & Photos",Software and Services,,2026-05-28,200665545,apple,2026-05-29,2026-06-01,0.2492,https://jobs.apple.com/en-us/details/200665545-0836/director-automation-tools-camera-photos?team=SFTWR
"AI/ML - Senior OS Software Engineer, Evaluation",Software and Services,,2026-05-28,200658427,apple,2026-05-29,2026-06-01,0.3702,https://jobs.apple.com/en-us/details/200658427-0836/ai-ml-senior-os-software-engineer-evaluation?team=SFTWR
Senior Gaming Platform Engineer,Software and Services,,2026-05-28,200665542,apple,2026-05-29,2026-06-01,0.2977,https://jobs.apple.com/en-us/details/200665542-3337/senior-gaming-platform-engineer?team=SFTWR
"Quality Engineer, Rights & Pricing",Software and Services,,2026-05-28,200665547,apple,2026-05-29,2026-06-01,0.2715,https://jobs.apple.com/en-us/details/200665547-0836/quality-engineer-rights-pricing?team=SFTWR
NPI Capacity Program Manager - iPhone,Operations and Supply Chain,,2026-05-28,200665706,apple,2026-05-29,2026-06-01,0.2702,https://jobs.apple.com/en-us/details/200665706-0836/npi-capacity-program-manager-iphone?team=OPMFG
US-Senior Manager,Apple Retail,,2026-05-28,200664362,apple,2026-05-29,2026-06-01,0.311,https://jobs.apple.com/en-us/details/200664362-2585/us-senior-manager?team=APPST
"Legal Counsel, Commercial (Retail and Online Stores)",Corporate Functions,,2026-05-28,200663233,apple,2026-05-29,2026-06-01,0.2858,https://jobs.apple.com/en-us/details/200663233-0836/legal-counsel-commercial-retail-and-online-stores?team=CORSV
Software Development Engineer - Applications,Software and Services,,2026-05-28,200664764,apple,2026-05-29,2026-06-01,0.3554,https://jobs.apple.com/en-us/details/200664764-0157/software-development-engineer-applications?team=SFTWR
"Engineering Project Manager (SAP),  IS&T Enterprise Systems",Software and Services,,2026-05-28,200645206,apple,2026-05-29,2026-06-01,0.3448,https://jobs.apple.com/en-us/details/200645206-0157/engineering-project-manager-sap-is-t-enterprise-systems?team=SFTWR
Wi-Fi System Design and Integration Engineer,Hardware,,2026-05-28,200665668,apple,2026-05-29,2026-06-01,0.2122,https://jobs.apple.com/en-us/details/200665668-3956/wi-fi-system-design-and-integration-engineer?team=HRDWR
Camera Mechanical Design Engineer,Hardware,,2026-05-28,200665471,apple,2026-05-29,2026-06-01,0.2195,https://jobs.apple.com/en-us/details/200665471-0836/camera-mechanical-design-engineer?team=HRDWR
Senior Legal Counsel - Global Supply Chain,Corporate Functions,,2026-05-28,200665302,apple,2026-05-29,2026-06-01,0.2355,https://jobs.apple.com/en-us/details/200665302-0836/senior-legal-counsel-global-supply-chain?team=CORSV
"Senior Quality Engineer, Rights & Pricing",Software and Services,,2026-05-28,200665532,apple,2026-05-29,2026-06-01,0.3036,https://jobs.apple.com/en-us/details/200665532-0836/senior-quality-engineer-rights-pricing?team=SFTWR
Senior Legal Counsel - IP Litigation,Corporate Functions,,2026-05-28,200660341,apple,2026-05-29,2026-06-01,0.2559,https://jobs.apple.com/en-us/details/200660341-0836/senior-legal-counsel-ip-litigation?team=CORSV
"AR/VR Applications Engineer - Photos, Vision Products Software",Software and Services,,2026-05-28,200655347,apple,2026-05-29,2026-06-01,0.2724,https://jobs.apple.com/en-us/details/200655347-3956/ar-vr-applications-engineer-photos-vision-products-software?team=SFTWR
CVML Engineer - 3D Reconstruction,Machine Learning and AI,,2026-05-28,200664830,apple,2026-05-29,2026-06-01,0.351,https://jobs.apple.com/en-us/details/200664830-3956/cvml-engineer-3d-reconstruction?team=MLAI
"Machine Learning Engineer, Video Engineering",Machine Learning and AI,,2026-05-28,200665577,apple,2026-05-29,2026-06-01,0.3664,https://jobs.apple.com/en-us/details/200665577-3956/machine-learning-engineer-video-engineering?team=MLAI
"Full Stack Engineer, FindMy",Software and Services,,2026-05-28,200665699,apple,2026-05-29,2026-06-01,0.3452,https://jobs.apple.com/en-us/details/200665699-0836/full-stack-engineer-findmy?team=SFTWR
Hardware Engineering Program Manager- Home,Hardware,,2026-05-28,200662225,apple,2026-05-29,2026-06-01,0.2879,https://jobs.apple.com/en-us/details/200662225-0836/hardware-engineering-program-manager-home?team=HRDWR
"Software Engineer, Siri App Experiences",Software and Services,,2026-05-28,200664856,apple,2026-05-29,2026-06-01,0.3262,https://jobs.apple.com/en-us/details/200664856-3337/software-engineer-siri-app-experiences?team=SFTWR
Data Scientist - Health AIML,Machine Learning and AI,,2026-05-28,200665713,apple,2026-05-29,2026-06-01,0.3571,https://jobs.apple.com/en-us/details/200665713-0836/data-scientist-health-aiml?team=MLAI
US-Operations Lead,Apple Retail,,2026-05-28,200664753,apple,2026-05-31,2026-06-01,0.2675,https://jobs.apple.com/en-us/details/200664753-3068/us-operations-lead?team=APPST
US-Senior Manager,Apple Retail,,2026-05-28,200664896,apple,2026-05-29,2026-06-01,0.311,https://jobs.apple.com/en-us/details/200664896-3109/us-senior-manager?team=APPST
US-Manager,Apple Retail,,2026-05-28,200664810,apple,2026-05-29,2026-06-01,0.2975,https://jobs.apple.com/en-us/details/200664810-2820/us-manager?team=APPST
Manufacturing Design Program Manager (MDPM),Operations and Supply Chain,,2026-05-28,200665730,apple,2026-05-29,2026-06-01,0.3484,https://jobs.apple.com/en-us/details/200665730-0157/manufacturing-design-program-manager-mdpm?team=OPMFG
AI Engineer - Multimodal Intelligence,Machine Learning and AI,,2026-05-28,200665673,apple,2026-05-29,2026-06-01,0.3509,https://jobs.apple.com/en-us/details/200665673-3956/ai-engineer-multimodal-intelligence?team=MLAI
Camera Mechanical FEA Engineer,Hardware,,2026-05-28,200665694,apple,2026-05-29,2026-06-01,0.2208,https://jobs.apple.com/en-us/details/200665694-3543/camera-mechanical-fea-engineer?team=HRDWR
Software Engineer – Applications,Machine Learning and AI,,2026-05-28,200664699,apple,2026-05-29,2026-05-31,0.3946,https://jobs.apple.com/en-us/details/200664699-0157/software-engineer-applications?team=MLAI
"Community Specialist, Channel Retail",Sales and Business Development,,2026-05-28,200664888,apple,2026-05-29,2026-05-30,0.3387,https://jobs.apple.com/en-us/details/200664888-3666/community-specialist-channel-retail?team=SLDEV
Software Development Engineer,Software and Services,,2026-05-28,200664791,apple,2026-05-29,2026-05-30,0.3432,https://jobs.apple.com/en-us/details/200664791-0836/software-development-engineer?team=SFTWR
Software Development Engineer,Software and Services,,2026-05-28,200664796,apple,2026-05-29,2026-05-30,0.3426,https://jobs.apple.com/en-us/details/200664796-3337/software-development-engineer?team=SFTWR
Software Development Engineer,Software and Services,,2026-05-28,200664694,apple,2026-05-29,2026-05-29,0.3452,https://jobs.apple.com/en-us/details/200664694-0836/software-development-engineer?team=SFTWR
Software Developer Engineer - Applications,Corporate Functions,,2026-05-28,200664671,apple,2026-05-29,2026-05-29,0.3427,https://jobs.apple.com/en-us/details/200664671-0836/software-developer-engineer-applications?team=CORSV
Panel Process Engineer,Hardware,,2026-05-28,200664663,apple,2026-05-29,2026-05-29,0.3203,https://jobs.apple.com/en-us/details/200664663-0836/panel-process-engineer?team=HRDWR
Software Development Engineer,Software and Services,,2026-05-28,200664668,apple,2026-05-29,2026-05-29,0.3463,https://jobs.apple.com/en-us/details/200664668-0836/software-development-engineer?team=SFTWR
Engineering Project Lead,Corporate Functions,,2026-05-28,200664667,apple,2026-05-29,2026-05-29,0.2898,https://jobs.apple.com/en-us/details/200664667-0157/engineering-project-lead?team=CORSV
Software Engineer - Applications,Software and Services,,2026-05-28,200664665,apple,2026-05-29,2026-05-29,0.3565,https://jobs.apple.com/en-us/details/200664665-0836/software-engineer-applications?team=SFTWR
Financial Analyst,Corporate Functions,,2026-05-28,200664658,apple,2026-05-29,2026-05-29,0.3253,https://jobs.apple.com/en-us/details/200664658-0836/financial-analyst?team=CORSV
Strategic Sourcing Manager,Operations and Supply Chain,,2026-05-28,200664583,apple,2026-05-29,2026-05-29,0.2968,https://jobs.apple.com/en-us/details/200664583-0836/strategic-sourcing-manager?team=OPMFG
Financial Analyst,Corporate Functions,,2026-05-28,200664660,apple,2026-05-29,2026-05-29,0.3253,https://jobs.apple.com/en-us/details/200664660-0836/financial-analyst?team=CORSV
Marketing,Apple Retail,,2026-05-28,200664661,apple,2026-05-29,2026-05-29,0.2975,https://jobs.apple.com/en-us/details/200664661-2459/marketing?team=APPST
Software Development Engineer,Software and Services,,2026-05-28,200664662,apple,2026-05-29,2026-05-29,0.3463,https://jobs.apple.com/en-us/details/200664662-0836/software-development-engineer?team=SFTWR
Software Development Engineer,Software and Services,,2026-05-28,200664673,apple,2026-05-29,2026-05-29,0.3452,https://jobs.apple.com/en-us/details/200664673-0836/software-development-engineer?team=SFTWR
Software Development Engineer - Applications,Corporate Functions,,2026-05-28,200664672,apple,2026-05-29,2026-05-29,0.3491,https://jobs.apple.com/en-us/details/200664672-0157/software-development-engineer-applications?team=CORSV
Software Development Engineer-Applications,Software and Services,,2026-05-28,200664690,apple,2026-05-29,2026-05-29,0.3583,https://jobs.apple.com/en-us/details/200664690-0157/software-development-engineer-applications?team=SFTWR
Software Development Engineer,Corporate Functions,,2026-05-28,200664674,apple,2026-05-29,2026-05-29,0.3343,https://jobs.apple.com/en-us/details/200664674-0157/software-development-engineer?team=CORSV
Design Verification Engineer,Hardware,,2026-05-28,200664678,apple,2026-05-29,2026-05-29,0.266,https://jobs.apple.com/en-us/details/200664678-0836/design-verification-engineer?team=HRDWR
Software Development Engineer – Test,Corporate Functions,,2026-05-28,200664683,apple,2026-05-29,2026-05-29,0.3555,https://jobs.apple.com/en-us/details/200664683-0836/software-development-engineer-test?team=CORSV
Software Engineer - Applications,Marketing,,2026-05-28,200664692,apple,2026-05-29,2026-05-29,0.3745,https://jobs.apple.com/en-us/details/200664692-0157/software-engineer-applications?team=MKTG
Marcom Designer,Marketing,,2026-05-28,200664696,apple,2026-05-29,2026-05-29,0.2886,https://jobs.apple.com/en-us/details/200664696-0836/marcom-designer?team=MKTG
Front End Engineer,Hardware,,2026-05-28,200664693,apple,2026-05-29,2026-05-29,0.3213,https://jobs.apple.com/en-us/details/200664693-0836/front-end-engineer?team=HRDWR
Hardware Systems Engineer,Hardware,,2026-05-28,200664697,apple,2026-05-29,2026-05-29,0.291,https://jobs.apple.com/en-us/details/200664697-0836/hardware-systems-engineer?team=HRDWR
Software Development Engineer,Software and Services,,2026-05-28,200664689,apple,2026-05-29,2026-05-29,0.3452,https://jobs.apple.com/en-us/details/200664689-3337/software-development-engineer?team=SFTWR
Software Development Engineer,Marketing,,2026-05-28,200664687,apple,2026-05-29,2026-05-29,0.3683,https://jobs.apple.com/en-us/details/200664687-0836/software-development-engineer?team=MKTG
Software Development Engineer,Software and Services,,2026-05-28,200664670,apple,2026-05-29,2026-05-29,0.3452,https://jobs.apple.com/en-us/details/200664670-0836/software-development-engineer?team=SFTWR
Module Design Engineer,Hardware,,2026-05-28,200664686,apple,2026-05-29,2026-05-29,0.271,https://jobs.apple.com/en-us/details/200664686-0836/module-design-engineer?team=HRDWR
Software Development Engineer - Applications,Software and Services,,2026-05-28,200664684,apple,2026-05-29,2026-05-29,0.3583,https://jobs.apple.com/en-us/details/200664684-0157/software-development-engineer-applications?team=SFTWR
Strategic Sourcing Manager,Operations and Supply Chain,,2026-05-28,200664682,apple,2026-05-29,2026-05-29,0.2968,https://jobs.apple.com/en-us/details/200664682-0836/strategic-sourcing-manager?team=OPMFG
Software Development Engineer,Hardware,,2026-05-28,200664681,apple,2026-05-29,2026-05-29,0.3084,https://jobs.apple.com/en-us/details/200664681-0836/software-development-engineer?team=HRDWR
Software Development Engineer,Software and Services,,2026-05-28,200664679,apple,2026-05-29,2026-05-29,0.3452,https://jobs.apple.com/en-us/details/200664679-0836/software-development-engineer?team=SFTWR
Software Development Engineer – Applications,Software and Services,,2026-05-28,200664677,apple,2026-05-29,2026-05-29,0.369,https://jobs.apple.com/en-us/details/200664677-0157/software-development-engineer-applications?team=SFTWR
"Senior Maching Learning & Data Scientist, OS Power & Performance",Software and Services,,2026-05-28,200660998,apple,2026-05-29,2026-05-29,0.4283,https://jobs.apple.com/en-us/details/200660998-0836/senior-maching-learning-data-scientist-os-power-performance?team=SFTWR
Software Engineering Applications,Corporate Functions,,2026-05-28,200664700,apple,2026-05-29,2026-05-29,0.2931,https://jobs.apple.com/en-us/details/200664700-0157/software-engineering-applications?team=CORSV
R&D Technical Artist,Software and Services,,2026-05-28,200664786,apple,2026-05-29,2026-05-29,0.2842,https://jobs.apple.com/en-us/details/200664786-0836/r-d-technical-artist?team=SFTWR
Software Engineer - Applications,Software and Services,,2026-05-28,200664765,apple,2026-05-29,2026-05-29,0.3565,https://jobs.apple.com/en-us/details/200664765-0157/software-engineer-applications?team=SFTWR
