title,team,location,posted_date,job_id,source,first_seen_date,last_seen_date,semantic_similarity,url,description,workplace_type
Líder de Equipe Logística - Mercado Envios,Shipping,"Sudeste,Brazil; Duque de Caxias, Rio de Janeiro, RJ, BR",2026-06-11,42263920,mercadolibre,2026-06-11,2026-06-11,0.1833,https://mercadolibre.eightfold.ai/careers/job/42263920,,onsite
Supervisão de Operação | Governador Celso Ramos/SC,Shipping,"Sul,Brazil",2026-06-11,42342179,mercadolibre,2026-06-11,2026-06-11,0.1303,https://mercadolibre.eightfold.ai/careers/job/42342179,,onsite
Supervisão de Planejamento e Capacidade Operacional- Mercado Envios,Shipping,"Sudeste,Brazil",2026-06-11,42216696,mercadolibre,2026-06-11,2026-06-11,0.127,https://mercadolibre.eightfold.ai/careers/job/42216696,,onsite
Líder de Equipe de Transportes - Mercado Envios,Shipping,"Sudeste,Brazil; Poços de Caldas, State of Minas Gerais, Brazil",2026-06-11,41785879,mercadolibre,2026-06-11,2026-06-11,0.1375,https://mercadolibre.eightfold.ai/careers/job/41785879,,onsite
Líder de Equipe de Manutenção - Mercado Envios,Shipping,"Sudeste,Brazil",2026-06-11,39362570,mercadolibre,2026-06-11,2026-06-11,0.1278,https://mercadolibre.eightfold.ai/careers/job/39362570,,onsite
Lider de Time | Governador Celso Ramos/ SC02,Shipping,"Sul,Brazil",2026-06-11,39110014,mercadolibre,2026-06-11,2026-06-11,0.1764,https://mercadolibre.eightfold.ai/careers/job/39110014,,onsite
Analista Comercial Senior - Marketplace,Marketplace,"Distrito Federal,Mexico",2026-06-11,42285886,mercadolibre,2026-06-11,2026-06-11,0.2529,https://mercadolibre.eightfold.ai/careers/job/42285886,,onsite
Analista de NPS Commerce - Customer Experience,Customer Experience,"Buenos Aires,Argentina",2026-06-11,42194239,mercadolibre,2026-06-11,2026-06-11,0.4098,https://mercadolibre.eightfold.ai/careers/job/42194239,,onsite
Analista Pleno de Melhoria Contínua  - Mercado Envios,Shipping,"Sudeste,Brazil",2026-06-11,42216458,mercadolibre,2026-06-11,2026-06-11,0.1665,https://mercadolibre.eightfold.ai/careers/job/42216458,,onsite
Representante de Atendimento ao Cliente - Pessoa com deficiência -  Customer Experience,Customer Experience,"Sudeste,Brazil",2026-06-11,42327354,mercadolibre,2026-06-11,2026-06-11,0.2746,https://mercadolibre.eightfold.ai/careers/job/42327354,,onsite
Ejecutivo Comercial para Vehículos- Marketplace VIS,Marketplace,"Región Metropolitana de Santiago,Chile",2026-06-10,40899276,mercadolibre,2026-06-10,2026-06-11,0.1202,https://mercadolibre.eightfold.ai/careers/job/40899276,,onsite
Analista Pleno de Planejamento Logístico - Mercado Envios,Shipping,"Sudeste,Brazil",2026-06-10,42197697,mercadolibre,2026-06-10,2026-06-11,0.1689,https://mercadolibre.eightfold.ai/careers/job/42197697,,onsite
Analista Sênior de Melhoria Contínua - Mercado Envios,Shipping,"Sudeste,Brazil",2026-06-10,42219298,mercadolibre,2026-06-10,2026-06-11,0.165,https://mercadolibre.eightfold.ai/careers/job/42219298,,onsite
Marketing Ads Monetization Expert - Mercado Ads,Marketing,"Distrito Federal,Mexico; Ciudad de México, CDMX, Mexico; Ciudad de México, Mexico",2026-06-10,40329755,mercadolibre,2026-06-10,2026-06-11,0.1975,https://mercadolibre.eightfold.ai/careers/job/40329755,,onsite
Analista Pleno de Segurança Patrimonial - Mercado Envios,Shipping,"Sudeste,Brazil",2026-06-10,42176289,mercadolibre,2026-06-10,2026-06-11,0.1318,https://mercadolibre.eightfold.ai/careers/job/42176289,,onsite
Analista Pleno de Prevenção de Perdas - Mercado Envios,Shipping,"Sudeste,Brazil",2026-06-10,42216765,mercadolibre,2026-06-10,2026-06-11,0.1266,https://mercadolibre.eightfold.ai/careers/job/42216765,,onsite
Supervisão de Segurança do Trabalho para Mercado Envios,People,"Sudeste,Brazil",2026-06-10,41924563,mercadolibre,2026-06-10,2026-06-11,0.1498,https://mercadolibre.eightfold.ai/careers/job/41924563,,onsite
Analista Júnior de Prevenção de Perdas - Mercado Envios,Shipping,"Sudeste,Brazil",2026-06-10,42105597,mercadolibre,2026-06-10,2026-06-11,0.1332,https://mercadolibre.eightfold.ai/careers/job/42105597,,onsite
Analista Senior de SAP,Administration & Control,"Buenos Aires,Argentina",2026-06-10,42304978,mercadolibre,2026-06-09,2026-06-11,0.2209,https://mercadolibre.eightfold.ai/careers/job/42304978,,onsite
Analista de prevenção e investigações Pleno  - Mercado Envios,Shipping,"Sudeste,Brazil",2026-06-10,42176284,mercadolibre,2026-06-10,2026-06-11,0.1334,https://mercadolibre.eightfold.ai/careers/job/42176284,,onsite
Líder de Data Protection y AI Security,IT,"Buenos Aires,Argentina",2026-06-10,42305117,mercadolibre,2026-06-10,2026-06-11,0.2493,https://mercadolibre.eightfold.ai/careers/job/42305117,,onsite
Coordinador de Mantenimiento - Mercado Envíos,Shipping,"Región Metropolitana de Santiago,Chile",2026-06-10,42250264,mercadolibre,2026-06-10,2026-06-11,0.0699,https://mercadolibre.eightfold.ai/careers/job/42250264,,onsite
Analista Senior de Infraestrutura e Redes - São Paulo/SP,IT,"Sudeste,Brazil; São Paulo, SP, BR",2026-06-10,42307165,mercadolibre,2026-06-10,2026-06-11,0.1612,https://mercadolibre.eightfold.ai/careers/job/42307165,,onsite
CS Technical Leader - Leak Prevention,IT,"Buenos Aires,Argentina",2026-06-10,42257980,mercadolibre,2026-06-10,2026-06-11,0.1782,https://mercadolibre.eightfold.ai/careers/job/42257980,,onsite
Analista Sênior de Prevenção de Perdas - Mercado Envios,Shipping,"Sudeste,Brazil",2026-06-10,42005338,mercadolibre,2026-06-10,2026-06-11,0.1279,https://mercadolibre.eightfold.ai/careers/job/42005338,,onsite
Especialista de Projetos Logísticos - Mercado Envios,Shipping,"Sudeste,Brazil",2026-06-10,42291181,mercadolibre,2026-06-10,2026-06-11,0.1678,https://mercadolibre.eightfold.ai/careers/job/42291181,,onsite
Analista de Seguridad - Mercado Envíos,Shipping,"Distrito Federal,Mexico",2026-06-10,42251754,mercadolibre,2026-06-10,2026-06-11,0.1714,https://mercadolibre.eightfold.ai/careers/job/42251754,,onsite
Analista  de planeación financiera y desarrollos con IA- Mercado Envios,Shipping,"Monterrey,Mexico",2026-06-10,42251633,mercadolibre,2026-06-10,2026-06-11,0.1708,https://mercadolibre.eightfold.ai/careers/job/42251633,,onsite
Specialist de Categoria It Peripherals - Marketplace,Marketplace,"Sudeste,Brazil; Osasco, SP, BR",2026-06-10,42285027,mercadolibre,2026-06-10,2026-06-11,0.2424,https://mercadolibre.eightfold.ai/careers/job/42285027,,onsite
Analista Comercial para Grandes Cuentas - Marketplace,Marketplace,"Bogotá,Colombia",2026-06-10,42251696,mercadolibre,2026-06-10,2026-06-11,0.1819,https://mercadolibre.eightfold.ai/careers/job/42251696,,onsite
Especialista em Planejamento de Projetos de Design  -  Mercado Envios.,Shipping,"Sudeste,Brazil",2026-06-10,42289011,mercadolibre,2026-06-10,2026-06-11,0.1413,https://mercadolibre.eightfold.ai/careers/job/42289011,,onsite
Supervisão de investigação e segurança patrimonial - Mercado Envios,Shipping,"Sudeste,Brazil",2026-06-10,42118235,mercadolibre,2026-06-10,2026-06-11,0.1104,https://mercadolibre.eightfold.ai/careers/job/42118235,,onsite
Analista Sênior de Gestão de Espaços - Mercado Envios,Shipping,"Sudeste,Brazil",2026-06-10,42306319,mercadolibre,2026-06-10,2026-06-11,0.1375,https://mercadolibre.eightfold.ai/careers/job/42306319,,onsite
Analista pleno de Manutenção e Facilities - Mercado Envios.,Shipping,"Sudeste,Brazil",2026-06-10,42323886,mercadolibre,2026-06-10,2026-06-11,0.1099,https://mercadolibre.eightfold.ai/careers/job/42323886,,onsite
Especialista em Modelos de Crédito com foco em IA  - Mercado Pago,Fintech,"Sudeste,Brazil",2026-06-10,41907825,mercadolibre,2026-06-10,2026-06-11,0.2013,https://mercadolibre.eightfold.ai/careers/job/41907825,,onsite
Especialista em Graphos e Modelos Fundacionais - Mercado Pago,Fintech,"Sudeste,Brazil",2026-06-10,41907896,mercadolibre,2026-06-10,2026-06-11,0.2159,https://mercadolibre.eightfold.ai/careers/job/41907896,,onsite
Gerente de Modelagem com foco em Inteligência Artificial - Mercado Pago,Fintech,"Sudeste,Brazil",2026-06-10,42181496,mercadolibre,2026-06-10,2026-06-11,0.2877,https://mercadolibre.eightfold.ai/careers/job/42181496,,onsite
Analista de Segurança Pleno - Mercado Envios,Shipping,"Sudeste,Brazil",2026-06-10,42176333,mercadolibre,2026-06-10,2026-06-11,0.1497,https://mercadolibre.eightfold.ai/careers/job/42176333,,onsite
Analista Senior de Logistica Inversa- Mercado Envios,Shipping,"Distrito Federal,Mexico",2026-06-10,42247365,mercadolibre,2026-06-10,2026-06-11,0.1897,https://mercadolibre.eightfold.ai/careers/job/42247365,,onsite
Supervisão de Segurança - Mercado Envios,Shipping,"Sudeste,Brazil",2026-06-10,42176549,mercadolibre,2026-06-10,2026-06-11,0.1273,https://mercadolibre.eightfold.ai/careers/job/42176549,,onsite
Practicante de Mejora Continua - Marketplace,Marketplace,"Bogotá,Colombia",2026-06-10,42323888,mercadolibre,2026-06-10,2026-06-11,0.2313,https://mercadolibre.eightfold.ai/careers/job/42323888,,onsite
Analista de prevenção e investigações Sênior  - Mercado Envios,Shipping,"Sudeste,Brazil",2026-06-10,42176396,mercadolibre,2026-06-10,2026-06-11,0.1435,https://mercadolibre.eightfold.ai/careers/job/42176396,,onsite
Especialista de Planejamento Estratégico e Projetos de Inteligência Artificial - Mercado Envios.,Shipping,"Sudeste,Brazil",2026-06-10,41950170,mercadolibre,2026-06-10,2026-06-11,0.187,https://mercadolibre.eightfold.ai/careers/job/41950170,,onsite
Líder de Proyecto para Cloud Security,IT,"Buenos Aires,Argentina",2026-06-10,42306578,mercadolibre,2026-06-10,2026-06-10,0.2894,https://mercadolibre.eightfold.ai/careers/job/42306578,,onsite
Analista Sênior de Automação - Mercado Envios,Shipping,"Sudeste,Brazil",2026-06-09,39660802,mercadolibre,2026-06-09,2026-06-11,0.2405,https://mercadolibre.eightfold.ai/careers/job/39660802,,onsite
Analista de Transportes - Pessoas Com Deficiência - Mercado Envios,Shipping,"Sudeste,Brazil",2026-06-09,42219820,mercadolibre,2026-06-09,2026-06-11,0.2124,https://mercadolibre.eightfold.ai/careers/job/42219820,,onsite
Analista Senior de Infraestrutura e Redes - Cajamar/SP,IT,"Sudeste,Brazil; Cajamar, SP, BR",2026-06-09,42307166,mercadolibre,2026-06-09,2026-06-11,0.2084,https://mercadolibre.eightfold.ai/careers/job/42307166,,onsite
Fulfillment Team Leader - PE,Shipping,"Nordeste,Brazil; Cabo de Santo Agostinho, PE, BR",2026-06-09,42304135,mercadolibre,2026-06-09,2026-06-11,0.2137,https://mercadolibre.eightfold.ai/careers/job/42304135,,onsite
Analista Senior de Infraestrutura e Redes - Santo André/SP,IT,"Sudeste,Brazil; Santo André, SP, BR",2026-06-09,42307160,mercadolibre,2026-06-09,2026-06-11,0.1939,https://mercadolibre.eightfold.ai/careers/job/42307160,,onsite
Analista Senior de Infraestrutura e Redes - Guarulhos/SP,IT,"Sudeste,Brazil; Guarulhos, SP, BR",2026-06-09,42307157,mercadolibre,2026-06-09,2026-06-11,0.1939,https://mercadolibre.eightfold.ai/careers/job/42307157,,onsite
Líder de Equipe Logística Sênior - Mercado Envios,Shipping,"Sudeste,Brazil",2026-06-09,42306316,mercadolibre,2026-06-09,2026-06-11,0.2534,https://mercadolibre.eightfold.ai/careers/job/42306316,,onsite
Analista Sênior de Segurança Patrimonial - Mercado Envios,Shipping,"Sudeste,Brazil",2026-06-09,42176141,mercadolibre,2026-06-09,2026-06-11,0.2006,https://mercadolibre.eightfold.ai/careers/job/42176141,,onsite
Gerente Comercial de Real Estate - Marketplace VIS,Marketplace,"Región Metropolitana de Santiago,Chile",2026-06-09,41381109,mercadolibre,2026-06-09,2026-06-11,0.1866,https://mercadolibre.eightfold.ai/careers/job/41381109,,onsite
Analista de Engagement & Growth para Marketing,Marketing,"Buenos Aires,Argentina",2026-06-09,42291836,mercadolibre,2026-06-09,2026-06-10,0.3349,https://mercadolibre.eightfold.ai/careers/job/42291836,,onsite
Software Technical Leader - CRM IT - Mercado Envios,IT,"Sudeste,Brazil",2026-06-09,42182774,mercadolibre,2026-06-09,2026-06-10,0.2994,https://mercadolibre.eightfold.ai/careers/job/42182774,,onsite
Líder de Equipe de Logística Reversa - Mercado Envios,Shipping,"Sudeste,Brazil",2026-06-09,42283665,mercadolibre,2026-06-09,2026-06-10,0.2562,https://mercadolibre.eightfold.ai/careers/job/42283665,,onsite
Analista Júnior de Treinamento - Mercado Envios,Shipping,"Sudeste,Brazil",2026-06-09,42216564,mercadolibre,2026-06-09,2026-06-10,0.2179,https://mercadolibre.eightfold.ai/careers/job/42216564,,onsite
Analista de Nodos - Mercado Envios,Shipping,"Nordeste,Brazil",2026-06-09,42283745,mercadolibre,2026-06-09,2026-06-10,0.228,https://mercadolibre.eightfold.ai/careers/job/42283745,,onsite
Analista de Seguridad - Mercado Envíos,Shipping,"Chihuahua,Mexico",2026-06-09,42251755,mercadolibre,2026-06-09,2026-06-10,0.2376,https://mercadolibre.eightfold.ai/careers/job/42251755,,onsite
Analista de Seguridad - Mercado Envíos,Shipping,"Puebla,Mexico",2026-06-09,42251758,mercadolibre,2026-06-09,2026-06-10,0.1904,https://mercadolibre.eightfold.ai/careers/job/42251758,,onsite
Especialista S&OP- Mercado envíos,Shipping,"Distrito Federal,Mexico",2026-06-09,42287549,mercadolibre,2026-06-09,2026-06-10,0.197,https://mercadolibre.eightfold.ai/careers/job/42287549,,onsite
Supervisor Comercial de Categoria - Marketplace,Marketplace,"Sudeste,Brazil",2026-06-09,42299100,mercadolibre,2026-06-09,2026-06-10,0.2994,https://mercadolibre.eightfold.ai/careers/job/42299100,,onsite
Senior Software Engineer,IT,"Bogotá,Colombia",2026-06-09,42265031,mercadolibre,2026-06-09,2026-06-10,0.3549,https://mercadolibre.eightfold.ai/careers/job/42265031,,onsite
Analista de Transportes - Mercado Envios,Shipping,"Sudeste,Brazil",2026-06-09,42071935,mercadolibre,2026-06-09,2026-06-10,0.218,https://mercadolibre.eightfold.ai/careers/job/42071935,,onsite
Analista Senior de Infraestrutura e Redes - Porto Alegre/RS,IT,"Sul,Brazil; Porto Alegre, RS, BR",2026-06-09,42305451,mercadolibre,2026-06-09,2026-06-10,0.1937,https://mercadolibre.eightfold.ai/careers/job/42305451,,onsite
Experto en Fondos de Inversión,Financial Planning & Treasury,"Buenos Aires,Argentina",2026-06-09,41924561,mercadolibre,2026-06-09,2026-06-10,0.233,https://mercadolibre.eightfold.ai/careers/job/41924561,,onsite
Software Technical Leader - Proximity,IT,"Buenos Aires,Argentina",2026-06-09,41440348,mercadolibre,2026-06-09,2026-06-10,0.2858,https://mercadolibre.eightfold.ai/careers/job/41440348,,onsite
Analista Senior de Infraestrutura de Rede - São Bernardo do Campo/SP,IT,"Sudeste,Brazil; São Bernardo Do Campo, SP, BR",2026-06-09,42306981,mercadolibre,2026-06-09,2026-06-10,0.1654,https://mercadolibre.eightfold.ai/careers/job/42306981,,onsite
Analista Senior de Infraestrutura e Redes - Cotia/SP,IT,"Sudeste,Brazil; Cotia - SP, Brasil",2026-06-09,42307155,mercadolibre,2026-06-09,2026-06-10,0.226,https://mercadolibre.eightfold.ai/careers/job/42307155,,onsite
Machine Learning Engineer,IT,"Bogotá,Colombia",2026-06-09,42257187,mercadolibre,2026-06-09,2026-06-10,0.4617,https://mercadolibre.eightfold.ai/careers/job/42257187,,hybrid
Gerente de Planeamiento Financiero,Finance,"Caracas,Venezuela (Bolivarian Republic of)",2026-06-09,41759913,mercadolibre,2026-06-09,2026-06-10,0.2036,https://mercadolibre.eightfold.ai/careers/job/41759913,,hybrid
Analista Senior de Infraestrutura de Rede - Franco da Rocha/SP,IT,"Sudeste,Brazil; Franco Da Rocha, SP, BR",2026-06-09,42305532,mercadolibre,2026-06-09,2026-06-10,0.2075,https://mercadolibre.eightfold.ai/careers/job/42305532,,onsite
Especialista en Ingeniería de Datos,Administration & Control,"Buenos Aires,Argentina",2026-06-09,42304980,mercadolibre,2026-06-09,2026-06-10,0.231,https://mercadolibre.eightfold.ai/careers/job/42304980,,onsite
Experto en Desarrollo Corporativo,Corporate Development,"Buenos Aires,Argentina",2026-06-09,40896611,mercadolibre,2026-06-09,2026-06-10,0.2343,https://mercadolibre.eightfold.ai/careers/job/40896611,,hybrid
Analista Pleno de Manutenção e Facilities - Mercado envios,Shipping,"Sudeste,Brazil",2026-06-09,41977822,mercadolibre,2026-06-09,2026-06-10,0.1558,https://mercadolibre.eightfold.ai/careers/job/41977822,,onsite
Data Expert Planning,Shipping,"Distrito Federal,Mexico",2026-06-09,42292423,mercadolibre,2026-06-09,2026-06-10,0.3535,https://mercadolibre.eightfold.ai/careers/job/42292423,,onsite
Analista Comercial de Adquisición de Grandes Cuentas - Fintech,Fintech,"Córdoba,Argentina",2026-06-09,41438533,mercadolibre,2026-06-09,2026-06-10,0.2746,https://mercadolibre.eightfold.ai/careers/job/41438533,,onsite
Analista Sênior de Dados em Automação - Mercado Envios.,Shipping,"Sudeste,Brazil",2026-06-09,40973393,mercadolibre,2026-06-09,2026-06-10,0.2164,https://mercadolibre.eightfold.ai/careers/job/40973393,,onsite
Analista Ssr de Torre de Controle - São Bernardo do Campo/SP,Shipping,"Sudeste,Brazil",2026-06-09,42304307,mercadolibre,2026-06-09,2026-06-10,0.147,https://mercadolibre.eightfold.ai/careers/job/42304307,,onsite
Analista Pleno de Prevenção de Perdas - Mercado Envios,Shipping,"Sudeste,Brazil",2026-06-09,42005441,mercadolibre,2026-06-09,2026-06-10,0.1991,https://mercadolibre.eightfold.ai/careers/job/42005441,,onsite
Team Leader Sr - Contol Tower - São Bernardo do Campo/SP,Shipping,"Sudeste,Brazil",2026-06-09,42305127,mercadolibre,2026-06-09,2026-06-10,0.1373,https://mercadolibre.eightfold.ai/careers/job/42305127,,onsite
Senior Software Engineer - Full Stack,IT,"Sudeste,Brazil; Osasco, SP, BR; São Paulo, SP, Brasil",2026-06-09,41828584,mercadolibre,2026-06-09,2026-06-10,0.3638,https://mercadolibre.eightfold.ai/careers/job/41828584,,hybrid
Assistente de Control Tower - São Bernardo do Campo/SP,Shipping,"Sudeste,Brazil",2026-06-09,42303536,mercadolibre,2026-06-09,2026-06-10,0.1014,https://mercadolibre.eightfold.ai/careers/job/42303536,,onsite
Supervisão Regional de Transportes - Mercado Envios,Shipping,"Sudeste,Brazil",2026-06-08,42027867,mercadolibre,2026-06-09,2026-06-10,0.1742,https://mercadolibre.eightfold.ai/careers/job/42027867,,onsite
Supervisión de Datos para Prevención de Fraude,Fraud Prevention,"Buenos Aires,Argentina",2026-06-08,41058239,mercadolibre,2026-06-08,2026-06-09,0.2083,https://mercadolibre.eightfold.ai/careers/job/41058239,,onsite
Analista de Segurança Patrimonial e Monitoramento - Mercado Envios,Shipping,"Sudeste,Brazil",2026-06-08,42114491,mercadolibre,2026-06-08,2026-06-09,0.18,https://mercadolibre.eightfold.ai/careers/job/42114491,,onsite
Practicante de Datos - Marketplace,Marketplace,"Bogotá,Colombia",2026-06-08,42288079,mercadolibre,2026-06-08,2026-06-09,0.2847,https://mercadolibre.eightfold.ai/careers/job/42288079,,onsite
Analista de Prevenção de Perdas Segurança Patrimonial -  Mercado Envios,Shipping,"Sudeste,Brazil",2026-06-08,42216218,mercadolibre,2026-06-08,2026-06-09,0.1741,https://mercadolibre.eightfold.ai/careers/job/42216218,,onsite
Analista Senior de Estrategia para Real Estate - Marketplace VIS,Marketplace,"Región Metropolitana de Santiago,Chile",2026-06-08,42030466,mercadolibre,2026-06-08,2026-06-09,0.2457,https://mercadolibre.eightfold.ai/careers/job/42030466,,onsite
Analista Sênior de Políticas de Crédito para Financiamento de Veículos - Mercado Pago,Fintech,"Sudeste,Brazil",2026-06-08,42289859,mercadolibre,2026-06-08,2026-06-09,0.2432,https://mercadolibre.eightfold.ai/careers/job/42289859,,onsite
Líder de Manutenção - Mercado Envios,Shipping,"Sudeste,Brazil",2026-06-08,41809445,mercadolibre,2026-06-08,2026-06-09,0.2049,https://mercadolibre.eightfold.ai/careers/job/41809445,,onsite
Supervisão de Manutenção - Mercado Envios,Shipping,"Sudeste,Brazil",2026-06-08,41810342,mercadolibre,2026-06-08,2026-06-09,0.1607,https://mercadolibre.eightfold.ai/careers/job/41810342,,onsite
Analista Sênior de Logística Reversa - Mercado Envios,Shipping,"Sudeste,Brazil",2026-06-08,42178426,mercadolibre,2026-06-08,2026-06-09,0.2585,https://mercadolibre.eightfold.ai/careers/job/42178426,,onsite
Líder de Equipe - Extrema/MG,Shipping,"Sudeste,Brazil",2026-06-08,41839456,mercadolibre,2026-06-08,2026-06-09,0.2132,https://mercadolibre.eightfold.ai/careers/job/41839456,,onsite
Especialista de Atração de Talentos para Processos e Dados para Mercado Envios,People,"Sudeste,Brazil",2026-06-08,42283796,mercadolibre,2026-06-08,2026-06-09,0.2645,https://mercadolibre.eightfold.ai/careers/job/42283796,,onsite
Analista Sênior de Gestão de Espaços - Mercado Envios,Shipping,"Sudeste,Brazil",2026-06-08,42287384,mercadolibre,2026-06-08,2026-06-09,0.2135,https://mercadolibre.eightfold.ai/careers/job/42287384,,onsite
Supervisor de Logística Reversa - Mercado Envios,Shipping,"Sudeste,Brazil",2026-06-08,42181766,mercadolibre,2026-06-08,2026-06-09,0.2584,https://mercadolibre.eightfold.ai/careers/job/42181766,,onsite
Experto en Cumplimiento Tributario - Mercado Libre,Finance,"Buenos Aires,Argentina",2026-06-08,41684750,mercadolibre,2026-06-08,2026-06-09,0.2337,https://mercadolibre.eightfold.ai/careers/job/41684750,,onsite
Supervisor de Políticas e Riscos de Crédito - Mercado Pago,Fintech,"Sudeste,Brazil",2026-06-08,42289857,mercadolibre,2026-06-08,2026-06-09,0.2522,https://mercadolibre.eightfold.ai/careers/job/42289857,,onsite
Especialista de Projetos Logísticos - Mercado Envios,Shipping,"Sudeste,Brazil",2026-06-08,42219187,mercadolibre,2026-06-08,2026-06-09,0.2326,https://mercadolibre.eightfold.ai/careers/job/42219187,,onsite
Analista Sênior de Riscos de Crédito - Mercado Pago,Fintech,"Sudeste,Brazil",2026-06-08,42084960,mercadolibre,2026-06-08,2026-06-09,0.2689,https://mercadolibre.eightfold.ai/careers/job/42084960,,onsite
Especialista Tech para People,Administration & Control,"Buenos Aires,Argentina",2026-06-08,41684645,mercadolibre,2026-06-08,2026-06-09,0.2589,https://mercadolibre.eightfold.ai/careers/job/41684645,,onsite
Líder de Manutenção - Mercado Envios,Shipping,"Sul,Brazil",2026-06-08,39508480,mercadolibre,2026-06-08,2026-06-09,0.2156,https://mercadolibre.eightfold.ai/careers/job/39508480,,onsite
Gerente de Estratégia de Inbound Capacidade - Mercado Envios,Shipping,"Sudeste,Brazil",2026-06-08,42283744,mercadolibre,2026-06-09,2026-06-09,0.1813,https://mercadolibre.eightfold.ai/careers/job/42283744,,onsite
Líder de Equipe Logística - Mercado Envios,Shipping,"Sudeste,Brazil",2026-06-08,39543686,mercadolibre,2026-06-08,2026-06-09,0.239,https://mercadolibre.eightfold.ai/careers/job/39543686,,onsite
Coordenação de Transportes - Mercado Envios,Shipping,"Sudeste,Brazil",2026-06-08,41746368,mercadolibre,2026-06-08,2026-06-09,0.1529,https://mercadolibre.eightfold.ai/careers/job/41746368,,onsite
Analista de estrategia de negocio para individuos - Fintech,Fintech,"Montevideo,Uruguay",2026-06-05,39631616,mercadolibre,2026-06-05,2026-06-11,0.2422,https://mercadolibre.eightfold.ai/careers/job/39631616,,onsite
CS Engineer - EndpointSecurity,IT,"Buenos Aires,Argentina",2026-06-05,42074073,mercadolibre,2026-06-05,2026-06-09,0.3142,https://mercadolibre.eightfold.ai/careers/job/42074073,,onsite
Team Leader - Mercado Envios (Araucária/PR),Shipping,"Sudeste,Brazil",2026-06-05,41677759,mercadolibre,2026-06-05,2026-06-09,0.1756,https://mercadolibre.eightfold.ai/careers/job/41677759,,onsite
Especialista de Prevención de Fraude,Fraud Prevention,"Buenos Aires,Argentina",2026-06-05,42250494,mercadolibre,2026-06-05,2026-06-09,0.1831,https://mercadolibre.eightfold.ai/careers/job/42250494,,onsite
Systems Engineer - IT,IT,"Sul,Brazil",2026-06-05,42258749,mercadolibre,2026-06-05,2026-06-09,0.365,https://mercadolibre.eightfold.ai/careers/job/42258749,,onsite
Analista Comercial de Adquisición de Cuentas - Marketplace,Marketplace,"Buenos Aires,Argentina",2026-06-05,42251012,mercadolibre,2026-06-05,2026-06-09,0.2768,https://mercadolibre.eightfold.ai/careers/job/42251012,,onsite
Ejecución Comercial de Campo para Terminal Punto de Venta - Fintech,Fintech,"Puebla,Mexico; area metropolitana de puebla; Tehuacan ; san pedro cholula; Atlixco, Puebla, Mexico; amozoc",2026-06-05,38850360,mercadolibre,2026-06-05,2026-06-09,0.1665,https://mercadolibre.eightfold.ai/careers/job/38850360,,hybrid
Analista Pleno de Frota - Mercado Envios,Shipping,"Norte,Brazil; Nordeste",2026-06-05,42240078,mercadolibre,2026-06-05,2026-06-09,0.2366,https://mercadolibre.eightfold.ai/careers/job/42240078,,onsite
Ejecución Comercial de Campo para Terminal Punto de Venta - Fintech,Fintech,"Guadalajara,Mexico",2026-06-05,42226035,mercadolibre,2026-06-05,2026-06-09,0.1737,https://mercadolibre.eightfold.ai/careers/job/42226035,,onsite
Software Expert - Anti-scraping,IT,"Buenos Aires,Argentina",2026-06-05,42244362,mercadolibre,2026-06-05,2026-06-09,0.3002,https://mercadolibre.eightfold.ai/careers/job/42244362,,hybrid
Manager de Operaciones Logisticas,Shipping,"Centro Oeste,Mexico",2026-06-05,42207626,mercadolibre,2026-06-05,2026-06-09,0.281,https://mercadolibre.eightfold.ai/careers/job/42207626,,onsite
Analista Comercial de Adquisición de Grandes Cuentas - Fintech,Fintech,"Rosario,Argentina",2026-06-05,40812167,mercadolibre,2026-06-05,2026-06-09,0.295,https://mercadolibre.eightfold.ai/careers/job/40812167,,onsite
Ejecutivo Comercial para Terminal Punto de Venta - Fintech,Fintech,"Distrito Federal,Mexico",2026-06-05,38608613,mercadolibre,2026-06-05,2026-06-09,0.2153,https://mercadolibre.eightfold.ai/careers/job/38608613,,onsite
Supervisor de Excelencia Operativa y Planeación - Mercado Envíos,Shipping,"Distrito Federal,Mexico",2026-06-05,42251697,mercadolibre,2026-06-05,2026-06-09,0.2434,https://mercadolibre.eightfold.ai/careers/job/42251697,,onsite
Analista Senior de Logística - Mercado Envios,Shipping,"Sudeste,Brazil",2026-06-05,42216922,mercadolibre,2026-06-05,2026-06-09,0.2631,https://mercadolibre.eightfold.ai/careers/job/42216922,,onsite
Assistente de Roteirização - Mercado Envios,Shipping,"Sudeste,Brazil",2026-06-05,41456011,mercadolibre,2026-06-05,2026-06-09,0.1667,https://mercadolibre.eightfold.ai/careers/job/41456011,,onsite
Analista Sênior de processos - Mercado Envios,Shipping,"Sudeste,Brazil",2026-06-05,42175515,mercadolibre,2026-06-05,2026-06-09,0.2682,https://mercadolibre.eightfold.ai/careers/job/42175515,,onsite
Technical Support Engineer,IT,"Sudeste,Brazil",2026-06-05,42264125,mercadolibre,2026-06-05,2026-06-09,0.3228,https://mercadolibre.eightfold.ai/careers/job/42264125,,onsite
Analista IA - Marketplace,Marketplace,"Distrito Federal,Mexico",2026-06-05,42264925,mercadolibre,2026-06-05,2026-06-09,0.3362,https://mercadolibre.eightfold.ai/careers/job/42264925,,hybrid
Gerencia de Logística y Almacen,Shipping,"Distrito Federal,Mexico; Guadalajara, Jal., México",2026-06-05,42249744,mercadolibre,2026-06-05,2026-06-09,0.1859,https://mercadolibre.eightfold.ai/careers/job/42249744,,onsite
Analista Pleno de Prevenção de Perdas - Mercado Envios,Shipping,"Sudeste,Brazil",2026-06-05,42106447,mercadolibre,2026-06-05,2026-06-08,0.1972,https://mercadolibre.eightfold.ai/careers/job/42106447,,onsite
Analista Pleno de Prevenção de Perdas - Mercado Envios,Shipping,"Sudeste,Brazil",2026-06-05,42106109,mercadolibre,2026-06-05,2026-06-08,0.1972,https://mercadolibre.eightfold.ai/careers/job/42106109,,onsite
Analista Pleno de Melhoria Contínua - Mercado Envios,Shipping,"Sudeste,Brazil; Sumaré, SP, BR",2026-06-05,42106640,mercadolibre,2026-06-05,2026-06-08,0.2267,https://mercadolibre.eightfold.ai/careers/job/42106640,,onsite
Analista Comercial para Grandes Cuentas - Marketplace,Marketplace,"Bogotá,Colombia",2026-06-05,42251488,mercadolibre,2026-06-05,2026-06-08,0.2493,https://mercadolibre.eightfold.ai/careers/job/42251488,,onsite
Analista Sênior de Melhoria Contínua - Mercado Envios,Shipping,"Sudeste,Brazil; Sapucaia Do Sul, RS, BR",2026-06-05,42106016,mercadolibre,2026-06-05,2026-06-08,0.2292,https://mercadolibre.eightfold.ai/careers/job/42106016,,onsite
Analista Júnior de Prevenção de Perdas - Mercado Envios,Shipping,"Sudeste,Brazil",2026-06-05,42106582,mercadolibre,2026-06-05,2026-06-08,0.2053,https://mercadolibre.eightfold.ai/careers/job/42106582,,onsite
Líder de Equipe - Mercado Envios,Shipping,"Sudeste,Brazil",2026-06-05,42202013,mercadolibre,2026-06-05,2026-06-08,0.2113,https://mercadolibre.eightfold.ai/careers/job/42202013,,onsite
Líder de Equipe Sênior - Mercado Envios,Shipping,"Sudeste,Brazil",2026-06-05,42202278,mercadolibre,2026-06-05,2026-06-08,0.2305,https://mercadolibre.eightfold.ai/careers/job/42202278,,onsite
Analista Sênior de Melhoria Contínua - Mercado Envios,Shipping,"Sudeste,Brazil",2026-06-05,42106661,mercadolibre,2026-06-05,2026-06-08,0.2362,https://mercadolibre.eightfold.ai/careers/job/42106661,,onsite
Analista Senior de Negocio de Pagos - Fintech,Fintech,"Buenos Aires,Argentina",2026-06-05,40177902,mercadolibre,2026-06-05,2026-06-08,0.3417,https://mercadolibre.eightfold.ai/careers/job/40177902,,hybrid
Analista SSr de Operações Cross Docking - RJ,Shipping,"Centro Oeste,Brazil",2026-06-05,42216037,mercadolibre,2026-06-05,2026-06-08,0.2387,https://mercadolibre.eightfold.ai/careers/job/42216037,,onsite
Sr Researcher Seguridad Ofensiva - Anti-scraping,IT,"Buenos Aires,Argentina",2026-06-05,42222628,mercadolibre,2026-06-05,2026-06-08,0.2427,https://mercadolibre.eightfold.ai/careers/job/42222628,,hybrid
Account Executive Specialist Cross Border Trade - Mercado Libre,Marketplace,United States,2026-06-05,42251698,mercadolibre,2026-06-05,2026-06-08,0.2858,https://mercadolibre.eightfold.ai/careers/job/42251698,,onsite
Supervisión Comercial - Marketplace VIS,Marketplace,"Bogotá,Colombia",2026-06-04,40835780,mercadolibre,2026-06-05,2026-06-08,0.2988,https://mercadolibre.eightfold.ai/careers/job/40835780,,onsite
Gerente de Entrenamiento y Excelencia Operacional - Mercado Envíos,Shipping,"Buenos Aires,Argentina",2026-06-04,42196957,mercadolibre,2026-06-05,2026-06-08,0.1666,https://mercadolibre.eightfold.ai/careers/job/42196957,,onsite
Gerente de Regional de Construcción Cono Sur - Mercado Envíos,Shipping,"Buenos Aires,Argentina",2026-06-04,42195974,mercadolibre,2026-06-05,2026-06-08,0.146,https://mercadolibre.eightfold.ai/careers/job/42195974,,onsite
Analista Senior de Back Office de Start up- Mercado envíos,Shipping,"Distrito Federal,Mexico",2026-06-04,42241649,mercadolibre,2026-06-05,2026-06-08,0.242,https://mercadolibre.eightfold.ai/careers/job/42241649,,onsite
Analista de Transporte - Mercado Envíos,Shipping,"Bogotá,Colombia",2026-06-04,42224061,mercadolibre,2026-06-05,2026-06-08,0.2083,https://mercadolibre.eightfold.ai/careers/job/42224061,,onsite
Analista Senior de Capacitación en Transporte- Mercado envíos,Shipping,"Distrito Federal,Mexico",2026-06-04,42242633,mercadolibre,2026-06-05,2026-06-08,0.203,https://mercadolibre.eightfold.ai/careers/job/42242633,,onsite
"Analista de Inteligencia, Datos y Ejecución - Mercado Envíos",Shipping,"Bogotá,Colombia",2026-06-04,42223770,mercadolibre,2026-06-05,2026-06-08,0.2572,https://mercadolibre.eightfold.ai/careers/job/42223770,,onsite
Analista Sr de Desarrollo de Marca - Marketplace,Marketplace,"Buenos Aires,Argentina",2026-06-04,42118167,mercadolibre,2026-06-05,2026-06-08,0.2744,https://mercadolibre.eightfold.ai/careers/job/42118167,,onsite
Analista de Cumplimiento de Planeacion y Flujo operativo México- Mercado envíos,Shipping,"Distrito Federal,Mexico",2026-06-04,42244631,mercadolibre,2026-06-05,2026-06-08,0.2088,https://mercadolibre.eightfold.ai/careers/job/42244631,,onsite
Especialista Comercial - Fintech,Fintech,"Santiago,Chile",2026-06-04,40346533,mercadolibre,2026-06-05,2026-06-08,0.3138,https://mercadolibre.eightfold.ai/careers/job/40346533,,hybrid
Ingeniero / Ingeniera Senior de Ciberseguridad,IT,"Buenos Aires,Argentina",2026-06-04,39548934,mercadolibre,2026-06-05,2026-06-08,0.2191,https://mercadolibre.eightfold.ai/careers/job/39548934,,onsite
Analista Senior de Capacitación en Transporte- Mercado envíos,Shipping,"Distrito Federal,Mexico",2026-06-04,42243125,mercadolibre,2026-06-05,2026-06-08,0.2001,https://mercadolibre.eightfold.ai/careers/job/42243125,,onsite
Supervisión Comercial para Real Estate- Marketplace VIS,Marketplace,"Buenos Aires,Argentina",2026-05-28,39769346,mercadolibre,2026-06-05,2026-06-11,0.2338,https://mercadolibre.eightfold.ai/careers/job/39769346,,onsite
Especialista em Planejamento Financeiro - Mercado Envios,Shipping,"Sudeste,Brazil; Osasco, SP, Brasil; São Paulo, SP, Brasil",2026-05-27,41998383,mercadolibre,2026-06-05,2026-06-11,0.1383,https://mercadolibre.eightfold.ai/careers/job/41998383,,onsite
Líder de Manutenção - Mercado Envios,Shipping,"Sudeste,Brazil",2026-05-12,41899688,mercadolibre,2026-06-05,2026-06-11,0.1342,https://mercadolibre.eightfold.ai/careers/job/41899688,,onsite
Analista Senior de Planeamiento y  Mejora Continua - Fintech,Fintech,"Buenos Aires,Argentina",2026-04-27,40097138,mercadolibre,2026-06-05,2026-06-11,0.2791,https://mercadolibre.eightfold.ai/careers/job/40097138,,hybrid
Asistente de Transporte Media Milla - Mercado Envíos,Shipping,"Región Metropolitana de Santiago,Chile",2026-02-19,40327911,mercadolibre,2026-06-05,2026-06-11,0.12,https://mercadolibre.eightfold.ai/careers/job/40327911,,onsite
